StudyHours,Attendance,Marks,Backlogs,SleepHours,ScreenTime,Performance
7,97,84,3,8,8,Average
4,61,49,3,8,2,Poor
8,86,70,1,4,7,Average
5,66,80,2,9,4,Average
7,72,47,0,4,2,Poor
3,75,42,0,9,7,Poor
7,78,87,3,4,1,Average
8,82,85,3,6,4,Average
5,76,48,1,8,9,Poor
4,74,69,3,5,4,Average
8,59,92,0,5,3,Excellent
8,96,50,0,8,2,Average
3,72,74,2,8,3,Average
6,70,76,2,8,1,Average
5,70,81,0,8,8,Excellent
2,92,52,0,9,1,Average
8,62,75,1,6,3,Average
6,86,95,1,5,3,Average
2,82,52,0,7,2,Average
5,73,51,3,5,5,Average
1,93,76,2,5,3,Average
6,60,49,0,4,3,Poor
9,66,99,3,8,8,Average
1,53,95,0,8,4,Excellent
3,96,48,2,8,4,Average
7,74,91,2,4,3,Average
4,79,46,1,6,1,Average
9,58,41,1,6,8,Average
3,70,93,1,7,1,Average
5,69,95,1,6,7,Average
3,68,99,2,6,5,Average
7,68,62,3,8,4,Average
5,61,78,3,9,4,Average
9,86,79,3,5,8,Average
7,91,78,0,6,6,Excellent
2,66,60,1,6,1,Average
4,86,62,1,4,8,Average
9,97,68,2,7,2,Average
2,88,53,2,9,6,Average
9,77,65,0,4,9,Average
5,90,90,0,8,1,Excellent
2,84,44,3,5,6,Poor
4,96,94,2,7,8,Average
7,97,70,1,4,2,Average
8,67,64,3,6,5,Average
3,63,70,1,6,6,Average
1,84,89,3,7,5,Average
4,93,59,1,6,3,Average
2,90,83,0,4,4,Excellent
8,56,94,3,4,7,Average
4,90,56,1,6,4,Average
2,62,84,1,6,9,Poor
6,67,41,2,8,2,Average
6,86,64,3,5,5,Average
4,62,52,1,7,8,Average
6,85,97,2,4,5,Average
2,80,78,1,7,8,Average
2,51,67,3,8,8,Average
4,65,81,0,4,9,Average
8,58,94,3,8,6,Average
7,58,45,3,8,4,Poor
9,87,42,1,9,3,Average
8,60,97,1,6,5,Average
5,71,74,3,9,6,Average
2,82,57,2,7,3,Average
5,85,50,2,7,2,Average
8,94,93,2,6,7,Average
9,72,59,1,9,5,Average
9,94,44,1,7,9,Poor
1,94,58,3,9,3,Average
9,83,61,0,6,8,Average
7,58,98,1,4,6,Average
9,73,99,3,8,4,Average
8,57,58,3,8,9,Poor
1,56,86,0,9,5,Excellent
8,85,55,2,7,6,Average
8,67,63,3,9,9,Poor
3,52,80,3,9,7,Average
1,77,43,3,5,5,Poor
8,55,54,2,8,2,Average
3,93,64,2,6,4,Average
3,93,83,0,9,2,Excellent
1,70,94,1,5,3,Average
5,77,74,2,5,3,Average
7,89,94,1,8,4,Average
9,50,53,1,8,6,Average
7,85,88,2,8,3,Average
9,70,58,3,6,1,Average
8,92,77,0,5,1,Excellent
2,84,75,1,7,9,Poor
1,62,46,3,6,9,Poor
7,98,69,2,4,5,Average
7,59,58,1,9,9,Poor
8,93,88,1,8,7,Average
5,96,64,1,5,9,Poor
3,59,55,3,9,7,Average
8,95,86,3,6,9,Poor
6,62,93,3,4,2,Average
3,86,79,1,6,8,Average
1,87,90,1,6,7,Average
3,73,47,0,7,6,Poor
5,51,57,0,9,5,Average
3,71,67,3,7,4,Average
1,66,55,3,6,7,Average
5,85,91,2,4,3,Average
7,63,58,3,5,8,Average
7,59,81,0,5,2,Excellent
9,84,56,0,9,1,Average
3,74,84,0,8,2,Excellent
7,52,52,1,8,9,Poor
1,96,46,1,5,5,Average
4,87,66,3,6,8,Average
4,66,49,2,6,3,Average
5,61,73,2,7,7,Average
7,73,75,2,9,2,Average
7,78,64,1,7,8,Average
4,92,45,0,8,7,Poor
7,74,63,0,5,5,Average
3,85,57,1,6,4,Average
6,75,62,2,5,1,Average
2,87,45,2,4,5,Average
9,50,68,3,5,9,Poor
5,69,64,3,4,4,Average
6,77,94,2,7,9,Poor
4,65,56,1,7,2,Average
7,96,85,2,8,4,Average
9,66,63,3,5,9,Poor
7,89,50,2,5,4,Average
1,77,65,1,4,5,Average
1,61,90,0,7,8,Excellent
9,76,73,1,4,1,Average
9,91,67,1,7,1,Average
4,96,42,3,4,9,Poor
9,79,50,1,7,9,Poor
3,90,77,1,4,4,Average
7,83,53,3,7,2,Average
6,86,90,3,9,9,Poor
8,55,65,0,4,4,Good
9,56,87,2,5,6,Average
5,81,60,1,8,1,Average
1,81,93,3,9,9,Poor
3,74,95,0,9,5,Excellent
8,82,78,2,4,3,Average
6,56,69,3,8,4,Average
8,61,98,2,5,1,Average
9,65,47,2,9,9,Poor
4,65,90,1,5,8,Average
1,92,59,1,7,4,Average
1,85,87,3,8,2,Average
4,62,71,2,6,9,Poor
7,56,61,3,7,4,Average
2,85,98,3,8,9,Poor
3,96,46,2,4,3,Average
1,58,48,3,4,7,Poor
5,81,84,2,5,7,Average
1,60,40,2,9,4,Average
8,57,68,2,6,2,Average
1,82,47,2,4,9,Poor
1,72,95,0,8,4,Excellent
2,74,93,2,9,8,Average
2,57,43,1,9,2,Average
6,94,74,1,8,8,Average
7,71,98,1,9,5,Average
5,53,42,2,4,7,Average
1,89,93,1,8,7,Average
1,52,84,0,8,9,Excellent
3,78,79,3,5,3,Average
2,90,46,2,6,4,Average
5,78,66,1,5,4,Average
6,83,40,0,6,5,Poor
7,83,66,3,8,6,Average
4,77,55,0,9,3,Average
7,62,77,1,6,4,Average
8,64,46,0,8,3,Poor
1,72,83,3,8,2,Average
6,93,62,1,5,9,Poor
8,75,80,3,5,1,Average
5,53,98,0,9,2,Excellent
4,75,50,2,7,8,Average
2,89,81,2,4,7,Average
6,58,92,2,7,1,Average
6,54,72,2,7,5,Average
1,81,89,3,9,6,Average
9,69,75,2,6,5,Average
6,99,76,3,9,4,Average
3,60,80,1,9,1,Average
4,64,98,2,8,7,Average
4,81,56,3,8,9,Poor
3,77,74,2,8,6,Average
3,71,87,2,4,3,Average
3,90,44,2,6,4,Average
4,66,87,3,6,5,Average
7,75,71,0,8,1,Good
4,93,42,2,7,5,Average
9,56,91,2,4,1,Average
1,91,86,1,7,9,Poor
8,75,74,0,5,7,Good
7,74,91,3,6,3,Average
2,59,53,1,6,9,Poor
8,94,87,2,7,2,Average
1,68,70,1,4,7,Average
9,60,70,1,6,9,Poor
9,62,56,2,7,6,Average
2,57,99,0,9,5,Excellent
7,89,63,0,9,7,Average
3,53,91,1,4,6,Average
7,96,62,2,7,5,Average
9,80,57,3,9,2,Average
4,77,89,1,4,8,Average
1,60,93,3,8,7,Average
2,92,53,1,4,6,Average
1,50,89,1,5,5,Average
5,98,54,2,8,5,Average
5,96,54,2,7,9,Poor
7,87,45,3,8,1,Poor
9,73,66,3,8,9,Poor
9,96,54,0,7,6,Average
3,80,89,2,7,4,Average
3,90,75,1,9,7,Average
3,95,94,1,5,9,Poor
4,99,47,0,7,5,Poor
8,75,54,2,6,5,Average
6,98,42,1,6,8,Average
8,99,86,0,5,7,Excellent
1,54,52,0,4,8,Average
8,69,80,1,4,2,Average
4,90,73,1,6,9,Poor
1,60,63,3,7,3,Average
8,82,79,2,5,6,Average
4,99,71,3,4,6,Average
6,87,71,0,4,2,Good
8,76,69,1,8,7,Average
4,83,91,3,6,9,Poor
3,64,88,0,7,1,Excellent
9,81,52,2,5,8,Average
3,70,40,1,4,2,Average
9,95,73,3,8,1,Average
2,54,54,2,6,8,Average
2,55,83,3,6,2,Average
2,87,53,0,5,6,Average
6,71,96,2,4,6,Average
3,67,68,3,5,5,Average
9,63,73,2,5,8,Average
4,59,57,0,9,3,Average
1,95,93,2,8,4,Average
4,62,46,3,6,7,Poor
1,80,68,0,9,7,Good
5,79,94,1,7,8,Average
4,52,70,3,6,2,Average
8,79,64,3,6,2,Average
8,55,77,0,8,4,Excellent
7,78,53,0,7,9,Poor
3,57,47,1,4,9,Poor
1,93,66,3,7,4,Average
1,94,93,0,4,9,Average
3,92,41,1,7,3,Average
6,93,56,1,5,5,Average
7,82,76,0,7,9,Excellent
6,66,53,3,9,6,Average
6,97,64,2,9,3,Average
6,60,95,2,8,9,Poor
3,62,69,1,4,6,Average
6,99,68,2,6,4,Average
8,60,59,2,8,4,Average
2,80,60,0,9,8,Average
5,77,92,1,9,7,Average
1,93,61,3,4,1,Average
1,55,74,1,9,6,Average
5,90,76,0,9,8,Excellent
3,65,55,2,4,3,Average
4,53,89,3,9,9,Poor
3,84,97,1,6,2,Average
1,97,88,2,5,6,Average
1,75,82,1,8,1,Average
5,61,56,3,6,2,Average
6,60,55,1,6,5,Average
3,86,97,1,5,1,Average
9,74,94,1,8,8,Average
5,67,41,2,6,1,Average
8,68,43,3,9,9,Poor
1,72,60,3,5,3,Average
5,87,78,2,8,2,Average
3,67,73,2,7,1,Average
1,75,69,2,4,9,Poor
4,55,45,0,9,4,Poor
5,53,56,1,5,1,Average
7,93,78,1,4,1,Average
1,78,64,3,7,7,Average
3,83,44,1,6,2,Average
2,66,44,0,6,7,Poor
9,92,59,2,8,7,Average
6,92,55,3,5,9,Poor
3,65,90,3,5,7,Average
8,51,80,1,8,1,Average
8,83,76,3,4,8,Average
2,57,79,2,6,8,Average
6,62,48,3,6,4,Poor
7,91,44,2,5,8,Average
2,57,81,0,5,4,Excellent
2,79,96,0,8,8,Excellent
1,81,41,2,7,5,Average
8,85,48,1,4,4,Average
1,96,82,3,9,6,Average
9,79,75,1,7,2,Average
6,50,61,3,7,2,Average
7,92,61,0,5,2,Average
7,88,61,0,5,9,Poor
3,66,73,0,5,3,Good
2,69,94,3,7,4,Average
9,73,68,0,4,8,Average
8,99,77,0,5,4,Excellent
7,71,98,0,6,7,Excellent
9,78,85,0,4,5,Excellent
4,71,72,1,6,9,Poor
4,93,57,0,4,4,Average
1,58,46,0,5,3,Poor
8,86,40,1,9,2,Average
3,59,72,1,8,1,Average
7,85,40,3,5,6,Poor
2,86,63,2,7,2,Average
2,77,43,0,9,8,Poor
7,77,43,0,7,6,Poor
6,91,57,0,4,5,Average
3,92,66,3,7,2,Average
9,70,82,0,9,7,Excellent
6,73,98,2,9,2,Average
6,91,71,1,5,5,Average
1,89,72,3,6,2,Average
4,51,67,1,5,2,Average
6,57,81,0,4,7,Excellent
6,97,80,0,7,9,Excellent
5,76,94,0,6,5,Excellent
1,71,75,2,8,7,Average
8,86,99,2,9,4,Average
5,76,45,3,6,2,Poor
5,78,55,1,6,3,Average
7,52,73,0,5,2,Good
4,93,62,0,8,5,Average
6,62,89,0,9,6,Excellent
4,94,81,0,4,7,Excellent
3,59,63,2,4,3,Average
7,85,95,1,6,4,Average
8,58,88,1,6,8,Average
4,76,52,3,7,4,Average
2,83,95,2,8,7,Average
3,50,57,0,9,6,Average
1,81,93,1,6,7,Average
8,74,52,1,7,1,Average
3,78,88,2,8,3,Average
7,56,76,3,9,6,Average
5,98,82,3,4,3,Average
5,52,78,0,7,7,Excellent
7,69,81,3,8,9,Poor
9,69,56,1,7,3,Average
5,79,54,3,6,1,Average
1,84,57,0,5,6,Average
1,84,62,1,4,1,Average
2,98,93,3,6,1,Average
6,88,90,3,6,8,Average
9,76,69,2,8,9,Poor
8,75,97,0,7,2,Excellent
5,63,73,3,4,9,Poor
1,66,97,2,6,5,Average
7,67,43,1,8,8,Average
5,94,42,2,4,7,Average
6,78,46,2,7,7,Average
7,69,95,3,6,4,Average
3,76,57,3,9,2,Average
3,67,81,3,6,5,Average
5,53,46,2,6,3,Average
6,50,79,1,4,9,Poor
9,99,45,0,4,6,Poor
5,50,61,2,4,1,Average
1,75,97,3,4,3,Average
4,94,40,0,8,4,Poor
5,69,43,1,5,9,Poor
5,72,85,0,8,6,Excellent
7,59,88,3,6,4,Average
4,60,91,2,8,1,Average
1,90,89,2,7,8,Average
5,90,82,3,9,2,Average
7,54,68,2,4,8,Average
6,50,60,3,7,6,Average
5,66,65,2,9,8,Average
4,71,53,2,7,6,Average
2,83,48,2,6,5,Average
4,94,98,1,4,5,Average
3,90,86,1,7,8,Average
1,78,51,3,6,7,Average
8,53,81,1,4,8,Average
5,54,90,3,5,8,Average
4,60,95,0,6,7,Excellent
8,70,90,0,8,2,Excellent
7,84,45,1,4,9,Poor
2,61,59,0,7,7,Average
1,75,63,0,9,6,Average
4,68,66,2,7,9,Poor
8,94,77,2,8,1,Average
2,56,47,3,8,2,Poor
3,96,40,0,7,1,Poor
1,56,93,3,9,3,Average
1,75,88,3,4,5,Average
3,89,88,0,6,1,Excellent
5,54,63,1,8,4,Average
3,70,86,0,8,8,Excellent
1,63,46,2,8,6,Average
1,53,58,0,9,1,Average
8,72,61,1,5,1,Average
2,91,96,3,9,3,Average
3,69,94,3,4,8,Average
2,64,99,2,4,8,Average
3,99,74,2,4,3,Average
7,94,69,2,4,7,Average
1,78,68,3,4,3,Average
8,57,61,2,7,4,Average
2,90,50,0,8,9,Poor
3,97,59,3,9,4,Average
9,68,68,1,7,3,Average
7,97,90,3,9,5,Average
4,88,80,0,5,7,Excellent
5,95,81,0,6,5,Excellent
2,77,73,2,8,4,Average
8,95,40,3,5,8,Poor
4,76,70,3,7,4,Average
9,53,69,3,6,2,Average
5,64,87,1,5,6,Average
9,84,57,2,9,2,Average
4,86,94,0,6,3,Excellent
5,50,97,0,9,1,Excellent
9,52,56,2,5,5,Average
8,96,77,0,7,9,Excellent
3,73,53,0,9,2,Average
1,76,62,2,6,7,Average
3,89,64,0,5,5,Average
4,85,54,3,9,2,Average
2,83,85,1,7,8,Average
1,78,95,2,8,6,Average
7,73,61,1,7,4,Average
8,73,42,0,7,4,Poor
7,91,95,0,8,2,Excellent
5,53,94,3,7,3,Average
1,52,58,2,8,7,Average
7,83,96,0,8,3,Excellent
7,98,83,2,9,5,Average
9,72,73,2,9,6,Average
3,72,74,2,8,6,Average
9,94,89,2,5,4,Average
1,54,40,2,6,6,Average
1,80,91,1,5,3,Average
4,90,60,3,8,7,Average
9,55,68,2,6,7,Average
6,86,45,1,9,4,Average
3,59,76,0,6,2,Excellent
1,89,40,2,8,7,Average
4,56,90,0,9,3,Excellent
9,88,40,2,6,1,Average
3,87,66,1,6,2,Average
9,70,60,1,5,9,Poor
7,69,92,1,6,8,Average
4,52,55,3,8,6,Average
3,71,83,0,4,6,Excellent
5,96,98,3,4,1,Average
5,53,93,2,4,2,Average
3,77,79,0,8,4,Excellent
9,61,65,1,4,3,Average
4,87,55,0,5,1,Average
5,85,67,1,8,8,Average
4,96,40,3,9,7,Poor
5,90,75,3,8,4,Average
7,54,49,1,8,9,Poor
9,62,82,1,6,4,Average
7,72,56,2,6,1,Average
5,99,96,3,6,1,Average
7,79,98,3,7,1,Average
5,86,62,2,5,1,Average
3,74,46,3,8,4,Poor
7,97,83,1,8,1,Average
2,76,92,0,6,2,Excellent
9,63,46,0,8,4,Poor
1,97,83,3,9,7,Average
6,96,54,2,8,2,Average
7,85,73,1,4,8,Average
8,88,85,0,9,7,Excellent
9,65,84,1,9,9,Poor
2,71,43,3,8,6,Poor
2,70,53,3,7,4,Average
5,70,53,0,6,6,Average
5,57,55,3,5,4,Average
6,98,46,2,5,7,Average
3,65,71,3,4,9,Poor
8,80,58,3,5,3,Average
1,91,41,3,5,3,Poor
6,59,49,1,6,2,Average
4,81,89,1,6,1,Average
1,83,56,0,7,1,Average
7,58,76,0,4,3,Excellent
9,66,51,0,5,7,Average
4,60,45,3,7,9,Poor
4,81,61,1,4,2,Average
6,59,71,2,9,7,Average
3,71,80,3,5,1,Average
6,66,59,3,5,2,Average
7,53,40,3,6,6,Poor
3,97,93,2,8,5,Average
7,96,86,0,4,8,Average
3,74,92,2,5,2,Average
2,70,97,0,4,1,Excellent
4,86,45,2,7,7,Average
8,87,58,1,7,6,Average
9,98,57,3,8,8,Average
7,50,45,3,5,8,Poor
1,74,84,3,6,2,Average
3,85,72,0,5,8,Average
9,66,62,2,4,6,Average
1,90,62,1,9,9,Poor
9,73,65,2,7,7,Average
8,51,52,3,4,2,Average
1,89,46,1,8,8,Average
6,64,54,1,7,9,Poor
5,81,83,3,6,7,Average
6,88,66,2,7,4,Average
5,55,65,3,9,9,Poor
6,50,72,2,5,4,Average
5,96,54,1,9,4,Average
5,72,75,1,9,9,Poor
4,88,84,3,5,8,Average
3,66,94,1,7,4,Average
3,83,66,0,8,8,Good
4,90,96,1,5,8,Average
9,78,44,0,5,7,Poor
2,58,41,1,6,6,Average
9,62,94,3,7,8,Average
1,55,97,3,5,7,Average
1,55,72,0,8,5,Good
5,69,55,3,4,4,Average
6,52,62,1,7,2,Average
6,66,77,1,6,8,Average
3,98,94,3,9,9,Poor
7,61,55,1,5,4,Average
9,97,53,2,8,4,Average
8,96,68,2,7,5,Average
6,94,65,1,8,2,Average
8,50,74,3,8,7,Average
5,66,54,0,9,5,Average
8,52,42,3,6,6,Poor
4,75,62,0,7,4,Average
8,64,68,3,5,8,Average
2,85,73,1,6,8,Average
5,81,72,2,5,5,Average
9,81,80,3,4,6,Average
4,53,80,0,8,3,Excellent
6,67,62,2,4,1,Average
1,98,46,0,8,9,Poor
9,68,42,1,9,9,Poor
1,92,97,2,6,3,Average
5,84,71,0,5,4,Good
4,89,70,3,9,7,Average
3,63,57,1,5,2,Average
6,82,82,1,6,3,Average
2,63,46,1,7,6,Average
3,83,80,3,4,8,Average
5,53,40,3,4,1,Poor
9,73,53,2,5,4,Average
2,78,91,3,5,1,Average
8,68,71,2,5,2,Average
2,55,45,1,6,8,Average
5,82,78,2,7,6,Average
7,98,49,0,4,9,Poor
8,89,46,1,9,2,Average
1,68,65,1,8,3,Average
6,50,73,2,6,9,Poor
1,54,69,1,4,9,Poor
2,76,75,3,7,6,Average
1,65,60,0,6,3,Average
5,55,99,2,9,5,Average
9,89,56,2,4,2,Average
6,62,72,1,6,7,Average
1,97,49,3,4,8,Poor
1,84,90,1,4,6,Average
2,68,86,1,7,8,Average
9,61,81,2,8,2,Average
3,65,90,1,7,3,Average
1,92,51,0,4,7,Average
5,59,95,1,6,1,Average
7,74,55,1,9,7,Average
6,69,80,2,7,6,Average
1,80,71,1,8,8,Average
5,53,54,3,4,7,Average
5,93,66,2,9,4,Average
6,72,67,1,7,3,Average
3,51,56,0,7,3,Average
5,71,85,0,7,4,Excellent
7,86,98,2,7,9,Poor
5,57,89,2,9,9,Poor
5,56,97,1,6,2,Average
5,63,41,3,8,5,Poor
3,52,75,1,8,1,Average
1,99,89,0,4,4,Excellent
5,65,46,3,5,2,Poor
9,68,52,3,6,8,Average
1,67,54,3,4,4,Average
3,65,64,1,4,5,Average
4,57,62,0,7,4,Average
1,82,99,2,5,5,Average
1,98,61,1,5,5,Average
8,61,65,2,6,5,Average
2,60,72,3,5,3,Average
8,54,50,3,4,7,Average
7,76,49,1,5,3,Average
2,61,64,0,5,2,Average
6,66,76,3,8,3,Average
6,55,87,2,4,3,Average
3,82,82,2,9,8,Average
2,54,92,1,5,4,Average
1,77,77,2,5,3,Average
6,63,80,0,7,5,Excellent
5,54,84,3,5,4,Average
9,82,63,2,5,9,Poor
1,99,79,2,8,8,Average
7,97,85,3,4,7,Average
5,90,95,1,6,8,Average
5,68,72,2,4,5,Average
2,71,56,1,7,4,Average
3,54,63,1,4,7,Average
7,51,76,2,5,1,Average
6,79,96,0,7,6,Excellent
2,96,41,1,4,8,Average
6,88,71,2,7,7,Average
2,53,96,1,6,2,Average
2,82,99,3,4,7,Average
2,62,63,0,9,6,Average
3,69,48,0,5,5,Poor
2,56,43,3,7,4,Poor
4,64,56,3,9,1,Average
9,72,56,1,9,2,Average
6,63,92,3,8,7,Average
1,72,89,0,7,3,Excellent
8,68,87,3,9,5,Average
7,78,69,2,8,8,Average
3,69,79,2,9,8,Average
1,78,97,1,5,6,Average
5,73,50,0,6,5,Average
4,67,60,2,8,2,Average
8,59,60,3,6,9,Poor
1,90,57,2,7,1,Average
1,57,94,2,5,2,Average
4,75,68,1,8,1,Average
8,78,63,3,7,4,Average
5,59,49,3,9,4,Poor
2,66,84,3,4,5,Average
6,51,56,1,7,5,Average
5,55,57,3,6,8,Average
2,54,81,3,5,3,Average
3,77,87,2,5,6,Average
9,90,59,2,7,3,Average
7,54,76,3,9,2,Average
7,67,84,0,4,8,Average
6,75,57,0,6,1,Average
8,69,56,3,7,9,Poor
4,90,48,0,7,7,Poor
8,98,53,1,5,4,Average
4,76,88,2,6,3,Average
8,98,68,1,4,6,Average
9,61,70,2,5,9,Poor
3,56,43,0,7,9,Poor
3,52,57,0,5,4,Average
2,59,98,3,5,5,Average
3,83,59,0,8,9,Poor
3,74,95,0,5,2,Excellent
5,84,95,3,9,2,Average
5,65,86,3,5,5,Average
2,51,82,2,9,1,Average
6,73,83,0,6,8,Excellent
5,59,48,2,5,5,Average
6,87,52,2,4,2,Average
1,71,54,1,9,9,Poor
5,75,66,0,9,2,Good
9,92,54,0,7,7,Average
2,88,67,1,6,8,Average
1,76,76,2,5,6,Average
9,78,94,0,4,7,Excellent
9,96,58,2,7,1,Average
9,87,65,1,6,4,Average
6,69,91,3,9,7,Average
8,76,65,2,4,1,Average
1,90,64,0,5,1,Average
4,69,65,3,8,6,Average
1,93,65,2,8,4,Average
8,68,85,2,6,3,Average
1,69,67,3,4,5,Average
3,84,88,3,7,9,Poor
4,96,57,3,4,3,Average
8,51,71,0,9,5,Good
6,79,92,0,8,5,Excellent
7,83,42,2,6,9,Poor
8,71,41,2,5,4,Average
2,52,72,1,4,1,Average
8,55,81,0,8,5,Excellent
3,64,58,2,7,1,Average
7,76,56,3,6,6,Average
3,59,83,3,5,7,Average
7,58,72,0,4,1,Good
2,82,51,3,7,4,Average
6,81,88,1,5,9,Poor
3,97,95,2,9,1,Average
3,55,42,2,8,9,Poor
9,90,82,2,9,8,Average
7,85,88,0,8,5,Excellent
5,51,94,3,7,6,Average
7,78,65,1,9,7,Average
9,53,74,0,8,4,Good
1,50,47,2,6,6,Average
7,68,91,1,7,7,Average
6,75,75,2,8,6,Average
9,74,92,2,4,6,Average
1,59,93,0,8,2,Excellent
4,64,46,2,9,5,Average
9,71,85,1,6,3,Average
4,97,85,2,5,7,Average
3,70,75,3,5,4,Average
9,71,55,2,8,1,Average
2,85,63,0,5,6,Average
4,83,93,1,8,6,Average
6,79,40,0,6,7,Poor
2,74,88,3,5,8,Average
8,94,64,2,9,3,Average
8,77,49,0,9,6,Poor
1,50,93,0,4,2,Excellent
3,98,55,0,8,9,Poor
9,94,55,0,5,2,Average
5,53,97,3,9,3,Average
6,56,47,3,6,2,Poor
4,98,68,2,6,9,Poor
2,58,78,2,4,1,Average
8,85,67,1,6,5,Average
6,68,45,3,6,1,Poor
5,50,55,0,5,5,Average
9,59,59,0,8,8,Average
1,85,55,1,7,8,Average
5,58,46,0,6,8,Poor
6,94,80,1,6,2,Average
5,95,53,2,7,8,Average
6,91,82,3,6,5,Average
6,81,65,1,5,1,Average
7,81,65,0,5,7,Good
4,55,53,1,7,6,Average
8,97,46,2,9,5,Average
7,87,72,0,6,1,Good
9,66,65,2,9,1,Average
7,59,96,2,6,6,Average
3,99,84,1,8,7,Average
3,76,59,2,6,1,Average
8,99,42,0,5,9,Poor
5,84,91,2,4,4,Average
4,70,43,2,4,5,Average
8,74,65,1,4,2,Average
6,77,50,2,4,8,Average
2,96,41,3,9,2,Poor
4,64,53,1,9,3,Average
4,53,83,1,6,9,Poor
6,78,69,0,9,2,Good
6,58,88,0,6,6,Excellent
1,76,51,0,8,4,Average
8,75,65,0,6,7,Good
6,68,83,3,4,6,Average
3,77,72,1,7,9,Poor
9,66,52,2,7,9,Poor
2,92,53,0,5,4,Average
8,90,63,0,5,1,Average
3,91,73,0,6,2,Good
5,99,83,2,7,8,Average
6,69,65,0,4,8,Average
6,94,60,2,9,2,Average
4,89,67,1,4,4,Average
3,88,87,1,4,1,Average
4,98,75,1,6,7,Average
1,72,79,3,6,4,Average
4,96,41,2,8,8,Average
1,81,81,0,4,9,Average
1,96,48,0,4,9,Poor
6,82,62,0,6,3,Average
5,95,54,0,6,5,Average
4,54,52,3,8,6,Average
3,92,62,0,8,6,Average
1,97,56,3,5,8,Average
6,83,87,2,7,6,Average
2,89,99,1,4,6,Average
8,60,41,0,4,4,Poor
5,99,59,1,8,7,Average
7,52,59,2,8,8,Average
2,82,98,2,5,3,Average
8,60,85,0,7,7,Excellent
2,65,42,2,5,3,Average
4,67,94,1,7,8,Average
1,79,51,0,9,1,Average
5,97,79,3,4,1,Average
9,59,41,0,5,6,Poor
1,67,75,1,8,9,Poor
9,87,53,0,5,4,Average
8,68,55,0,9,6,Average
6,85,58,1,5,5,Average
7,62,73,0,4,1,Good
3,95,83,0,9,6,Excellent
1,52,85,1,8,9,Poor
5,59,45,2,8,3,Average
2,87,52,1,6,3,Average
5,50,75,0,9,2,Excellent
8,76,61,3,6,4,Average
9,95,57,3,6,3,Average
2,57,51,1,4,2,Average
3,95,91,3,5,1,Average
3,91,98,0,8,3,Excellent
1,66,93,0,8,6,Excellent
8,58,69,1,5,9,Poor
6,55,92,0,8,5,Excellent
8,92,90,2,5,3,Average
9,74,79,0,9,5,Excellent
5,88,46,1,4,5,Average
3,98,71,2,4,5,Average
5,77,87,2,4,7,Average
5,82,58,3,5,5,Average
5,86,45,0,5,7,Poor
3,58,59,1,7,9,Poor
4,67,66,3,8,5,Average
9,70,92,3,8,2,Average
9,51,82,0,7,5,Excellent
2,92,76,0,7,8,Excellent
8,87,87,1,4,4,Average
8,89,46,3,7,2,Poor
7,85,98,1,5,3,Average
8,99,44,3,6,9,Poor
3,92,50,3,5,9,Poor
6,86,54,3,7,8,Average
1,64,42,0,8,8,Poor
7,77,97,3,5,8,Average
1,67,44,3,8,8,Poor
9,83,62,3,5,8,Average
1,71,92,2,8,1,Average
1,60,76,0,9,6,Excellent
7,62,48,2,5,9,Poor
2,53,54,0,8,8,Average
5,71,42,1,6,3,Average
8,56,68,2,4,1,Average
8,92,45,1,5,2,Average
3,73,56,3,6,2,Average
7,53,65,1,4,7,Average
3,77,60,1,5,6,Average
6,64,47,1,6,2,Average
6,50,60,1,6,8,Average
3,52,96,0,9,9,Excellent
7,63,50,2,6,7,Average
3,87,77,0,9,4,Excellent
8,99,47,0,7,1,Poor
4,50,81,0,8,4,Excellent
1,87,63,1,4,4,Average
4,87,74,0,8,8,Good
7,70,94,2,8,4,Average
4,97,53,0,9,4,Average
6,78,94,3,8,2,Average
9,54,53,1,6,7,Average
1,98,49,3,9,4,Poor
5,59,51,2,8,6,Average
7,77,77,2,9,3,Average
1,70,83,2,7,7,Average
4,99,94,2,9,6,Average
6,56,85,0,5,3,Excellent
2,52,73,1,6,4,Average
5,94,80,2,4,5,Average
1,96,49,3,5,9,Poor
6,69,97,2,5,6,Average
6,68,56,1,5,4,Average
4,84,56,3,8,7,Average
8,53,42,3,9,2,Poor
4,54,70,3,9,4,Average
8,50,90,0,8,5,Excellent
8,53,40,2,6,4,Average
5,61,51,0,8,4,Average
4,76,78,3,8,9,Poor
2,91,43,0,8,2,Poor
3,72,81,0,6,6,Excellent
3,74,52,0,6,8,Average
4,70,73,2,7,8,Average
4,73,81,3,7,7,Average
5,74,60,3,7,4,Average
4,94,61,2,7,7,Average
8,95,96,0,9,6,Excellent
6,81,43,0,5,6,Poor
6,81,57,1,5,2,Average
8,54,44,1,7,8,Average
7,85,58,1,7,8,Average
8,95,41,2,4,7,Average
2,91,51,3,5,9,Poor
9,98,56,1,4,8,Average
1,91,49,3,4,9,Poor
8,88,73,3,8,9,Poor
4,65,45,3,9,6,Poor
4,82,47,2,6,2,Average
5,98,90,2,5,7,Average
8,70,50,2,7,3,Average
5,58,96,2,7,7,Average
8,55,51,1,6,9,Poor
1,94,48,0,5,2,Poor
9,84,41,0,7,6,Poor
6,88,47,0,7,6,Poor
3,71,97,1,8,9,Poor
8,90,50,0,4,9,Poor
9,54,99,1,7,5,Average
6,91,92,1,9,5,Average
7,72,75,1,5,9,Poor
1,66,49,0,9,8,Poor
5,61,60,3,6,7,Average
5,72,59,0,8,8,Average
4,65,87,0,5,6,Excellent
6,52,47,2,8,3,Average
7,79,75,1,4,7,Average
9,71,68,3,7,8,Average
1,58,81,2,5,8,Average
6,78,51,3,6,1,Average
7,96,53,3,4,7,Average
3,86,87,1,4,3,Average
8,72,93,0,8,2,Excellent
5,62,89,1,4,2,Average
9,81,60,1,5,8,Average
5,95,61,2,8,9,Poor
9,96,60,1,4,3,Average
4,97,83,0,6,3,Excellent
9,72,89,3,9,6,Average
5,94,69,1,5,1,Average
9,66,78,3,6,6,Average
3,89,59,1,6,3,Average
4,70,63,3,8,4,Average
9,51,62,1,7,9,Poor
6,86,46,2,8,3,Average
2,55,48,3,5,1,Poor
7,93,40,1,5,3,Average
2,67,65,1,8,7,Average
2,79,77,2,7,7,Average
1,71,77,2,8,5,Average
3,82,93,2,5,1,Average
6,79,83,3,7,8,Average
8,66,61,3,5,8,Average
9,92,83,2,7,2,Average
7,81,49,0,7,3,Poor
4,91,94,0,8,4,Excellent
6,63,97,1,8,1,Average
5,59,45,0,8,4,Poor
8,96,56,1,7,5,Average
1,85,90,3,7,3,Average
1,83,89,3,5,2,Average
6,58,77,0,6,6,Excellent
2,91,63,3,8,8,Average
5,77,90,2,9,7,Average
1,60,49,2,5,1,Average
7,63,95,0,5,4,Excellent
1,88,47,0,4,3,Poor
4,96,60,1,8,6,Average
9,68,95,3,5,9,Poor
1,64,45,1,4,9,Poor
4,77,60,1,9,7,Average
6,73,96,2,9,9,Poor
6,57,78,2,8,8,Average
8,92,63,2,7,5,Average
1,58,72,2,4,9,Poor
7,96,98,1,7,7,Average
1,82,57,2,9,5,Average
7,82,95,3,9,8,Average
3,68,67,2,6,7,Average
8,52,96,2,6,9,Poor
3,59,91,2,6,1,Average
1,89,71,0,6,9,Good
8,96,51,3,5,7,Average
3,91,87,3,6,1,Average
2,50,81,1,5,1,Average
1,78,66,1,5,5,Average
3,99,49,2,8,8,Average
2,83,85,0,5,9,Average
2,62,96,1,5,6,Average
6,50,91,1,6,8,Average
1,83,81,2,5,6,Average
2,78,71,2,7,6,Average
6,97,81,1,6,4,Average
3,96,65,1,4,5,Average
4,62,64,3,6,2,Average
1,97,50,0,5,3,Average
8,98,62,3,7,3,Average
7,78,73,1,6,5,Average
7,88,96,3,7,5,Average
3,73,91,3,4,6,Average
3,75,79,1,9,5,Average
2,66,62,2,4,6,Average
1,56,68,1,9,8,Average
7,62,70,2,8,2,Average
7,54,46,1,9,4,Average
2,75,79,1,8,6,Average
7,98,72,1,6,5,Average
8,52,60,0,8,1,Average
1,56,41,2,7,9,Poor
9,98,57,0,8,3,Average
7,88,86,1,7,2,Average
3,50,72,3,9,9,Poor
8,98,76,0,9,7,Excellent
7,66,73,2,9,5,Average
8,92,59,1,8,6,Average
6,74,74,0,9,4,Good
9,52,90,3,8,1,Average
5,64,89,0,8,4,Excellent
3,78,93,2,5,9,Poor
3,92,57,0,5,1,Average
1,81,85,3,8,3,Average
8,75,63,3,7,5,Average
2,65,47,2,6,7,Average
3,74,69,3,4,9,Poor
8,77,83,1,5,6,Average
8,58,92,3,8,3,Average
4,50,49,1,4,7,Average
4,78,62,0,5,4,Average
5,71,91,1,6,3,Average
6,65,88,1,7,7,Average
5,90,50,0,8,7,Average
7,93,41,3,6,4,Poor
2,90,97,1,5,7,Average
7,56,65,3,8,2,Average
7,63,75,0,4,1,Excellent
1,78,72,2,9,2,Average
7,68,86,3,7,4,Average
5,68,52,3,5,8,Average
3,51,79,2,7,3,Average
3,90,64,2,8,6,Average
4,94,43,0,9,6,Poor
2,64,81,3,6,9,Poor
2,52,58,3,7,9,Poor
1,60,57,0,4,4,Average
5,95,76,3,5,9,Poor
4,79,69,1,4,6,Average
2,89,58,1,7,2,Average
3,67,97,1,9,6,Average
7,97,62,3,6,2,Average
7,51,98,1,6,8,Average
4,81,93,1,4,4,Average
5,57,55,0,8,5,Average
5,71,40,0,8,8,Poor
6,55,51,2,9,8,Average
9,61,63,2,6,6,Average
2,96,73,2,4,4,Average
5,89,92,2,4,1,Average
3,85,96,0,4,7,Excellent
4,64,47,0,7,8,Poor
6,77,57,0,9,9,Poor
8,98,96,1,8,2,Average
1,94,87,1,8,1,Average
8,67,44,2,7,4,Average
7,51,65,1,5,5,Average
1,62,69,3,7,1,Average
2,94,93,0,9,5,Excellent
3,64,52,2,4,6,Average
1,69,58,2,7,3,Average
9,78,68,3,4,7,Average
8,91,42,1,9,6,Average
2,78,65,2,9,4,Average
9,52,79,1,6,3,Average
7,68,98,1,4,5,Average
9,52,97,3,8,3,Average
6,63,97,2,7,9,Poor
6,89,51,1,9,9,Poor
4,53,41,1,4,6,Average
2,60,50,3,5,6,Average
7,80,83,3,6,4,Average
5,92,67,1,5,4,Average
6,81,57,3,9,2,Average
2,76,52,1,5,4,Average
5,79,76,2,5,8,Average
4,92,61,0,6,2,Average
9,51,51,3,6,9,Poor
6,98,41,0,6,1,Poor
2,58,76,1,6,2,Average
1,77,46,1,5,2,Average
5,80,65,1,8,6,Average
9,83,65,0,8,7,Good
6,64,63,1,6,3,Average
7,97,51,3,7,9,Poor
5,74,55,2,4,5,Average
6,85,62,2,9,5,Average
5,57,79,3,7,4,Average
9,58,99,2,9,9,Poor
6,86,48,0,7,8,Poor
8,97,71,1,7,4,Average
2,94,54,1,8,4,Average
9,88,76,1,4,2,Average
5,81,52,0,7,9,Poor
7,66,44,0,6,3,Poor
1,84,50,0,9,4,Average
5,86,49,3,8,7,Poor
2,68,91,0,9,8,Excellent
6,93,52,2,6,8,Average
1,78,80,3,6,4,Average
3,56,92,3,7,7,Average
5,77,85,3,6,1,Average
4,58,89,0,4,6,Excellent
3,77,54,3,6,6,Average
5,55,81,0,7,6,Excellent
8,78,95,0,9,2,Excellent
4,66,46,3,6,8,Poor
1,65,79,1,8,5,Average
7,72,67,1,8,5,Average
8,80,71,3,8,2,Average
3,52,74,1,9,4,Average
6,70,54,2,5,9,Poor
2,75,87,2,8,9,Poor
7,85,75,0,8,6,Excellent
8,91,60,1,5,9,Poor
6,86,45,2,9,4,Average
6,71,40,3,8,1,Poor
5,91,43,1,7,2,Average
8,61,50,2,9,1,Average
1,91,83,2,8,8,Average
4,62,65,3,8,9,Poor
4,60,76,0,5,6,Excellent
3,65,62,3,7,2,Average
3,57,68,0,9,6,Good
4,89,60,2,6,9,Poor
1,89,87,0,4,3,Excellent
2,94,84,2,7,9,Poor
9,51,84,2,6,2,Average
2,79,88,1,7,5,Average
5,79,66,0,6,2,Good
9,61,78,0,6,7,Excellent
9,59,79,0,7,9,Excellent
8,93,52,3,5,7,Average
1,60,62,1,7,5,Average
1,64,98,1,7,4,Average
9,65,55,1,6,4,Average
8,66,69,3,4,8,Average
9,75,43,0,6,1,Poor
7,51,79,0,8,5,Excellent
3,99,55,0,7,2,Average
3,61,70,1,9,9,Poor
2,75,92,1,7,7,Average
5,72,81,2,5,8,Average
3,67,64,3,9,6,Average
6,81,83,3,6,9,Poor
2,98,51,1,5,6,Average
3,87,65,2,7,7,Average
5,96,76,0,6,7,Excellent
1,52,87,1,6,9,Poor
1,87,72,3,8,8,Average
9,52,67,3,8,1,Average
7,79,48,3,4,4,Poor
1,50,51,0,8,7,Average
8,79,44,3,9,8,Poor
3,94,93,0,6,7,Excellent
8,81,91,0,8,3,Excellent
5,77,93,0,4,4,Excellent
1,70,67,1,7,7,Average
7,95,95,0,9,8,Excellent
5,62,74,2,8,7,Average
6,76,44,3,6,6,Poor
6,85,73,1,7,9,Poor
8,56,85,3,6,9,Poor
9,71,73,0,7,7,Good
2,59,52,1,9,8,Average
9,88,78,2,6,6,Average
9,64,81,0,8,1,Excellent
7,64,84,3,8,1,Average
1,53,87,2,4,6,Average
7,81,97,0,7,2,Excellent
5,72,53,2,4,8,Average
6,55,50,0,5,1,Average
7,73,81,1,8,2,Average
5,69,77,0,7,8,Excellent
7,86,43,1,9,6,Average
9,69,92,0,4,2,Excellent
3,61,72,0,9,2,Good
8,82,46,3,9,7,Poor
2,77,95,2,9,5,Average
7,57,80,2,4,5,Average
2,50,47,2,5,8,Average
4,86,76,0,4,7,Excellent
7,71,90,0,6,9,Excellent
3,55,49,0,8,4,Poor
2,70,82,1,4,4,Average
7,81,96,1,4,2,Average
1,84,54,3,5,3,Average
8,64,77,0,6,1,Excellent
3,54,54,2,4,1,Average
2,95,44,2,8,7,Average
3,99,68,3,8,5,Average
5,97,58,2,4,3,Average
8,55,93,3,9,7,Average
7,74,90,0,9,2,Excellent
7,95,49,2,6,3,Average
7,89,51,0,8,1,Average
8,78,93,1,9,8,Average
1,56,43,2,8,2,Average
4,89,70,1,6,7,Average
6,62,57,2,6,9,Poor
9,87,55,0,9,6,Average
2,67,79,3,4,2,Average
1,51,75,0,7,2,Excellent
2,57,64,0,5,9,Poor
7,60,62,0,7,8,Average
3,82,51,2,7,9,Poor
2,87,73,3,8,4,Average
7,97,75,1,6,4,Average
2,76,76,0,8,2,Excellent
3,69,42,2,9,1,Average
7,61,48,1,5,4,Average
4,92,92,0,9,8,Excellent
1,80,57,1,4,2,Average
5,76,82,0,5,8,Average
9,81,74,1,8,1,Average
8,59,96,1,8,1,Average
9,52,94,3,9,4,Average
9,94,73,3,8,7,Average
7,76,80,0,8,9,Excellent
4,84,53,2,7,5,Average
5,80,43,3,4,2,Poor
1,64,68,1,7,7,Average
1,65,80,3,8,2,Average
3,62,84,3,6,9,Poor
8,98,89,0,7,9,Excellent
2,84,54,3,8,3,Average
4,60,67,3,8,8,Average
2,70,81,1,4,4,Average
5,60,55,3,9,3,Average
9,79,51,1,5,1,Average
1,97,91,3,7,5,Average
5,84,44,3,7,4,Poor
9,71,73,2,7,1,Average
1,87,81,3,8,8,Average
9,80,40,1,4,8,Average
8,63,78,1,8,8,Average
4,73,71,0,8,3,Good
5,99,65,0,9,6,Good
5,98,56,2,6,7,Average
6,81,87,1,4,9,Poor
7,85,98,1,7,5,Average
8,81,66,1,5,9,Poor
8,64,63,2,7,6,Average
2,92,74,1,8,4,Average
9,84,85,0,4,1,Excellent
7,52,81,2,4,1,Average
4,65,93,0,4,5,Excellent
4,54,78,0,6,3,Excellent
8,70,65,2,7,5,Average
4,59,88,3,6,5,Average
6,68,77,3,9,1,Average
5,74,62,0,5,8,Average
3,53,61,3,9,5,Average
2,78,43,1,8,5,Average
9,68,88,2,6,9,Poor
9,92,98,0,6,8,Excellent
1,51,48,1,9,1,Average
3,59,43,3,8,3,Poor
8,92,46,1,4,7,Average
6,74,62,3,8,1,Average
5,69,41,0,7,1,Poor
5,97,88,1,9,5,Average
6,68,63,2,8,9,Poor
7,72,79,0,4,6,Excellent
1,73,94,1,8,2,Average
9,60,70,1,6,9,Poor
3,95,86,3,5,6,Average
4,83,70,0,6,5,Good
1,77,86,0,5,5,Excellent
3,54,79,0,8,3,Excellent
2,54,87,0,7,6,Excellent
2,70,90,3,8,4,Average
1,61,82,2,4,2,Average
8,99,73,0,8,3,Good
3,53,94,3,5,9,Poor
3,98,63,2,6,9,Poor
6,91,88,2,7,6,Average
8,69,99,3,8,9,Poor
9,87,65,0,8,4,Good
9,74,55,2,6,5,Average
4,63,96,0,7,6,Excellent
5,60,86,0,9,9,Excellent
2,81,52,1,8,5,Average
9,60,54,0,8,8,Average
8,67,66,1,9,1,Average
3,76,43,2,5,5,Average
9,67,55,3,5,1,Average
3,72,69,1,4,6,Average
9,60,83,3,6,7,Average
2,70,69,2,7,5,Average
9,93,75,0,8,1,Excellent
8,54,42,2,8,6,Average
9,72,61,3,4,5,Average
5,90,88,2,8,6,Average
2,74,61,0,6,7,Average
8,90,89,2,4,7,Average
6,59,96,0,6,2,Excellent
8,71,89,1,4,3,Average
5,68,94,3,8,6,Average
2,50,99,0,4,3,Excellent
6,56,88,0,5,2,Excellent
5,53,51,2,7,4,Average
5,50,94,1,8,5,Average
1,64,60,0,9,9,Poor
2,89,95,1,7,3,Average
8,61,43,1,8,3,Average
3,71,70,2,7,6,Average
3,71,83,0,5,5,Excellent
8,99,70,2,7,6,Average
8,96,97,3,4,7,Average
2,66,62,3,7,3,Average
8,78,93,0,8,5,Excellent
1,95,92,1,9,8,Average
6,63,59,0,9,4,Average
8,99,54,0,6,2,Average
3,69,62,3,7,4,Average
8,99,67,3,9,2,Average
1,97,55,1,7,3,Average
9,82,76,1,9,4,Average
9,92,60,0,7,4,Average
5,64,54,2,8,9,Poor
4,61,56,0,7,6,Average
6,89,89,1,8,9,Poor
7,69,76,2,8,4,Average
5,79,52,3,6,9,Poor
9,87,58,1,9,9,Poor
3,52,69,1,4,6,Average
7,77,84,2,8,5,Average
5,75,57,1,9,3,Average
7,79,53,1,5,5,Average
2,62,75,1,7,3,Average
4,62,75,1,5,5,Average
2,51,59,1,7,5,Average
7,86,91,1,6,2,Average
2,98,58,1,8,9,Poor
1,87,84,1,4,7,Average
9,51,83,3,8,6,Average
1,85,46,1,7,5,Average
8,75,96,3,4,4,Average
2,60,83,3,8,8,Average
8,57,92,0,4,2,Excellent
3,93,43,0,7,8,Poor
6,89,98,3,6,1,Average
3,92,73,3,6,1,Average
7,71,41,1,8,3,Average
9,69,44,0,5,5,Poor
2,57,94,2,7,6,Average
5,78,49,0,8,4,Poor
6,89,71,3,8,7,Average
4,75,81,3,6,7,Average
4,79,80,1,4,2,Average
4,66,52,1,7,2,Average
2,69,78,0,4,2,Excellent
4,65,44,1,9,2,Average
1,95,97,2,9,9,Poor
6,92,49,2,7,5,Average
1,56,49,1,5,8,Average
6,65,77,2,9,5,Average
1,94,66,2,6,5,Average
6,96,99,0,5,1,Excellent
8,97,90,2,8,6,Average
2,76,60,3,9,4,Average
2,72,47,3,6,3,Poor
4,73,40,0,8,6,Poor
3,58,67,1,5,2,Average
4,84,88,0,7,8,Excellent
7,69,78,1,8,1,Average
1,86,53,1,4,9,Poor
6,91,60,1,7,8,Average
3,66,69,1,7,1,Average
7,96,60,1,5,9,Poor
2,80,88,0,5,2,Excellent
2,57,48,1,6,3,Average
4,64,56,2,6,2,Average
1,80,44,2,4,8,Average
3,79,97,1,7,2,Average
9,95,96,2,4,2,Average
7,69,70,3,4,1,Average
7,88,91,0,5,7,Excellent
4,61,79,0,4,2,Excellent
2,98,77,1,4,5,Average
4,66,82,1,8,5,Average
6,91,58,3,6,3,Average
3,79,75,1,6,3,Average
1,78,89,2,7,3,Average
8,68,72,3,6,6,Average
5,95,52,2,9,4,Average
5,60,53,0,7,3,Average
4,83,95,2,8,2,Average
6,99,72,0,6,3,Good
3,56,68,2,8,4,Average
9,93,82,0,6,6,Excellent
5,83,88,1,6,4,Average
3,69,75,2,8,8,Average
1,99,97,0,4,3,Excellent
6,87,83,2,4,3,Average
2,73,49,3,4,3,Poor
3,59,70,1,9,8,Average
1,81,45,0,4,4,Poor
9,64,96,3,6,1,Average
8,86,40,2,5,2,Average
2,69,46,3,8,2,Poor
8,52,97,2,5,3,Average
9,86,66,1,9,6,Average
1,89,60,3,5,8,Average
5,57,67,1,7,1,Average
8,89,55,0,4,9,Poor
2,93,95,2,9,1,Average
4,72,85,2,6,2,Average
7,89,62,1,4,3,Average
3,60,91,1,4,7,Average
5,95,59,0,5,9,Poor
8,57,77,3,7,3,Average
3,78,93,2,4,8,Average
4,79,64,2,8,9,Poor
9,59,67,0,8,7,Good
7,88,44,0,4,4,Poor
1,77,95,1,5,4,Average
4,98,60,1,5,4,Average
4,85,57,3,6,6,Average
9,62,86,0,9,4,Excellent
6,81,45,3,9,5,Poor
9,85,96,0,9,9,Excellent
6,86,68,2,7,7,Average
6,75,58,0,5,8,Average
5,71,72,0,6,5,Good
5,53,40,2,8,5,Average
2,80,84,0,9,7,Excellent
8,67,42,3,8,8,Poor
8,87,81,1,8,9,Poor
1,73,60,1,4,2,Average
8,72,74,3,7,3,Average
5,71,80,2,6,2,Average
2,51,79,0,7,7,Excellent
2,80,42,3,4,2,Poor
6,60,64,1,6,2,Average
9,77,84,1,6,2,Average
1,95,77,3,5,4,Average
6,81,84,1,7,1,Average
9,54,94,3,7,2,Average
8,87,59,1,5,3,Average
6,59,91,3,8,7,Average
3,89,83,0,4,1,Excellent
8,95,84,0,7,6,Excellent
9,73,73,0,5,3,Good
1,84,60,0,6,3,Average
9,93,95,1,9,4,Average
6,97,94,2,5,4,Average
6,72,87,3,9,7,Average
4,66,62,2,8,3,Average
1,50,45,1,4,8,Average
8,80,90,1,9,8,Average
2,80,92,2,8,7,Average
1,91,52,2,9,2,Average
2,91,88,1,6,5,Average
1,83,62,1,6,6,Average
1,58,48,3,6,4,Poor
9,71,56,0,6,5,Average
1,62,41,0,5,9,Poor
4,74,58,3,6,7,Average
6,97,58,2,6,2,Average
7,67,95,1,5,1,Average
2,61,46,2,6,2,Average
6,89,93,0,8,3,Excellent
7,66,81,0,8,2,Excellent
2,64,81,2,7,3,Average
2,91,98,0,8,9,Excellent
7,64,59,1,4,4,Average
1,64,48,3,4,9,Poor
8,88,56,2,4,3,Average
3,62,66,1,5,1,Average
6,66,86,1,8,5,Average
9,81,41,0,4,2,Poor
6,58,75,1,7,4,Average
9,89,58,2,5,2,Average
7,69,56,1,7,2,Average
9,75,44,3,8,3,Poor
2,76,78,1,6,5,Average
8,70,57,1,7,4,Average
8,67,92,3,6,2,Average
2,62,93,1,5,2,Average
4,65,98,1,7,6,Average
7,58,46,0,7,7,Poor
4,61,56,2,9,6,Average
4,93,78,0,5,7,Excellent
6,87,75,2,5,1,Average
6,68,79,3,4,6,Average
3,56,84,3,8,3,Average
9,84,43,3,7,1,Poor
2,97,77,2,7,8,Average
6,67,64,2,5,4,Average
7,65,44,2,5,8,Average
9,88,69,3,8,4,Average
3,53,51,2,5,4,Average
3,74,43,1,6,4,Average
7,81,63,0,6,6,Average
4,89,68,3,9,9,Poor
8,62,48,0,6,5,Poor
7,94,43,1,6,8,Average
5,66,90,2,8,8,Average
7,98,63,0,7,4,Average
3,86,53,1,6,9,Poor
2,55,44,1,9,9,Poor
6,68,57,0,5,5,Average
2,62,81,3,6,6,Average
3,75,96,0,9,5,Excellent
6,63,58,3,8,3,Average
5,80,51,2,5,8,Average
8,53,57,3,9,9,Poor
9,88,56,2,6,4,Average
3,57,69,0,7,9,Good
3,74,63,2,5,9,Poor
3,62,50,1,5,7,Average
6,81,74,2,7,8,Average
1,87,62,3,5,3,Average
7,87,56,3,6,5,Average
1,77,40,3,5,3,Poor
5,79,54,2,6,7,Average
8,52,71,3,7,6,Average
4,77,99,3,4,3,Average
5,52,48,1,7,9,Poor
4,94,54,2,6,1,Average
4,83,67,1,8,3,Average
8,65,63,3,7,7,Average
2,71,99,3,8,3,Average
1,81,74,3,8,3,Average
3,87,61,2,6,2,Average
9,57,66,0,6,9,Good
4,57,58,3,4,4,Average
5,55,84,3,9,6,Average
2,63,51,3,5,2,Average
4,81,59,3,7,9,Poor
2,84,40,2,6,7,Average
2,59,60,0,7,5,Average
4,52,88,0,9,7,Excellent
6,61,84,0,9,4,Excellent
7,98,40,3,8,7,Poor
3,80,49,3,5,2,Poor
3,78,86,0,4,7,Excellent
6,54,98,0,7,4,Excellent
3,74,98,3,5,4,Average
2,90,71,3,4,1,Average
8,80,78,1,7,3,Average
5,70,99,1,5,5,Average
1,69,61,1,6,5,Average
3,88,57,0,7,2,Average
8,71,87,2,5,4,Average
4,53,85,3,9,1,Average
7,62,71,1,4,9,Poor
2,94,66,2,5,1,Average
7,91,67,3,6,6,Average
5,99,57,2,7,7,Average
5,98,98,0,7,3,Excellent
6,69,78,0,7,1,Excellent
9,62,88,0,6,7,Excellent
6,66,68,1,4,3,Average
8,85,57,3,7,6,Average
7,82,83,0,4,6,Excellent
9,50,47,1,5,4,Average
4,64,93,1,9,6,Average
2,62,70,1,9,4,Average
7,66,73,1,4,8,Average
6,73,46,0,4,9,Poor
1,57,75,1,9,2,Average
9,99,57,0,7,7,Average
9,76,99,0,8,9,Excellent
2,94,77,1,8,9,Poor
3,72,98,0,6,5,Excellent
5,95,48,3,9,1,Poor
5,57,98,3,9,6,Average
1,57,48,2,6,8,Average
8,75,85,3,8,1,Average
8,96,47,0,5,2,Poor
4,62,90,0,7,1,Excellent
7,88,74,3,7,5,Average
3,86,57,1,5,2,Average
6,98,44,1,5,4,Average
9,77,53,0,8,1,Average
1,74,67,1,6,7,Average
5,65,69,2,5,8,Average
4,51,43,2,6,5,Average
8,67,78,3,4,2,Average
1,66,59,3,7,8,Average
9,79,64,1,8,1,Average
6,88,67,0,7,7,Good
4,62,51,3,8,1,Average
9,81,41,2,4,6,Average
5,99,82,3,7,6,Average
5,78,53,3,4,5,Average
5,95,61,2,8,2,Average
1,79,70,0,5,2,Good
1,67,62,3,7,9,Poor
8,62,87,3,4,5,Average
8,92,59,3,9,5,Average
6,70,77,1,7,7,Average
4,79,94,3,7,6,Average
2,70,43,2,7,2,Average
2,97,54,0,6,1,Average
9,66,63,0,4,5,Average
5,89,64,2,4,4,Average
4,68,40,1,7,3,Average
1,64,46,2,5,2,Average
7,58,96,0,7,2,Excellent
3,59,70,2,6,4,Average
6,93,51,1,8,2,Average
5,80,81,0,6,4,Excellent
5,72,44,1,5,3,Average
5,79,83,2,7,9,Poor
1,82,89,3,4,7,Average
1,58,81,2,9,3,Average
3,96,77,1,7,8,Average
4,50,99,2,5,9,Poor
5,93,51,3,4,7,Average
2,84,78,1,6,6,Average
8,60,57,2,8,4,Average
2,83,41,1,8,5,Average
9,65,49,1,7,8,Average
2,58,54,0,6,3,Average
9,81,69,0,9,2,Good
7,64,83,1,9,3,Average
8,61,97,2,5,7,Average
2,82,56,2,8,8,Average
7,94,43,2,6,1,Average
6,63,46,3,7,7,Poor
4,57,80,1,4,9,Poor
7,57,70,1,7,3,Average
4,76,90,3,7,3,Average
2,61,99,1,6,8,Average
7,50,98,1,8,4,Average
8,92,94,3,6,8,Average
2,89,78,0,4,5,Excellent
5,91,94,1,6,3,Average
1,60,73,3,5,4,Average
7,88,45,2,7,4,Average
8,92,89,0,8,8,Excellent
6,80,77,2,9,6,Average
5,66,84,1,4,7,Average
6,82,97,0,9,9,Excellent
2,81,90,3,7,6,Average
1,78,73,1,6,3,Average
7,70,83,3,9,3,Average
7,70,54,0,5,3,Average
2,89,53,2,6,2,Average
2,72,45,1,7,1,Average
1,55,89,1,9,1,Average
8,71,76,3,4,4,Average
8,99,89,0,9,3,Excellent
1,87,71,3,9,5,Average
8,86,42,0,8,9,Poor
9,94,42,1,9,8,Average
4,57,61,0,7,9,Poor
1,90,61,1,4,5,Average
1,98,49,0,7,8,Poor
3,84,90,2,5,4,Average
5,60,42,0,6,5,Poor
5,73,51,2,9,3,Average
9,98,68,0,8,5,Good
2,70,87,0,4,3,Excellent
2,51,56,3,8,5,Average
6,89,46,3,8,5,Poor
9,68,52,1,8,6,Average
1,88,95,3,9,9,Poor
9,77,41,0,4,1,Poor
9,66,43,3,4,6,Poor
9,55,49,0,8,1,Poor
5,68,78,2,6,6,Average
9,87,63,0,9,2,Average
4,77,56,1,9,8,Average
2,51,91,2,7,3,Average
6,87,45,1,9,6,Average
4,86,58,1,8,6,Average
6,53,44,1,5,4,Average
3,71,71,3,8,5,Average
6,75,49,1,4,2,Average
2,98,48,2,9,8,Average
2,92,66,0,9,7,Good
9,85,52,1,7,6,Average
7,62,58,2,5,7,Average
3,81,60,1,9,1,Average
1,66,63,0,7,5,Average
8,90,77,2,7,7,Average
6,85,43,2,5,1,Average
7,95,63,0,8,2,Average
9,68,98,2,8,9,Poor
5,84,74,0,8,3,Good
1,95,42,2,6,6,Average
7,89,43,2,8,7,Average
5,77,96,0,5,9,Average
3,50,76,0,6,5,Excellent
9,91,79,2,8,4,Average
1,67,87,2,6,2,Average
1,97,93,0,5,3,Excellent
1,89,74,3,8,5,Average
3,82,70,0,4,2,Good
6,61,95,2,9,4,Average
3,57,83,2,5,1,Average
8,73,64,2,7,4,Average
2,65,79,0,7,7,Excellent
9,99,52,2,5,3,Average
3,53,43,3,7,8,Poor
5,87,85,1,5,6,Average
8,93,53,3,4,6,Average
2,76,52,0,5,1,Average
6,58,66,2,8,5,Average
5,96,45,0,8,3,Poor
9,65,56,1,6,1,Average
5,61,75,0,7,8,Excellent
2,80,79,2,9,7,Average
5,73,88,1,7,7,Average
4,63,74,1,5,4,Average
7,94,56,2,9,6,Average
6,74,80,2,9,9,Poor
2,83,41,2,7,3,Average
5,52,96,0,9,9,Excellent
7,73,52,3,9,4,Average
7,91,91,0,8,5,Excellent
5,58,41,0,4,7,Poor
9,75,91,3,5,6,Average
4,69,67,2,7,8,Average
3,89,82,2,8,8,Average
4,59,98,3,6,8,Average
5,68,65,3,9,3,Average
6,52,61,0,9,6,Average
3,73,86,1,7,7,Average
2,54,82,3,4,9,Poor
4,52,94,0,4,4,Excellent
5,76,42,1,7,5,Average
4,65,74,2,7,8,Average
3,98,99,2,8,1,Average
8,64,97,0,7,6,Excellent
4,84,51,0,6,4,Average
2,61,63,3,8,5,Average
2,90,44,2,9,5,Average
1,93,59,0,9,2,Average
4,75,78,2,9,8,Average
9,96,78,2,9,2,Average
7,83,52,3,5,4,Average
7,72,80,1,6,5,Average
7,80,96,3,8,1,Average
8,99,92,0,8,6,Excellent
1,69,84,3,9,2,Average
8,61,51,3,4,5,Average
4,72,52,2,8,6,Average
4,53,95,3,6,8,Average
4,72,49,0,7,9,Poor
6,97,72,1,6,6,Average
7,97,96,3,9,5,Average
6,50,79,3,9,4,Average
1,74,93,1,5,2,Average
8,51,55,0,8,2,Average
7,79,84,0,8,7,Excellent
6,52,74,3,8,5,Average
6,70,42,2,9,7,Average
5,74,95,3,8,1,Average
6,69,44,1,4,1,Average
9,98,65,1,4,5,Average
9,71,50,1,7,2,Average
8,70,46,3,8,8,Poor
9,82,92,3,5,3,Average
8,87,95,0,7,1,Excellent
8,64,49,2,9,2,Average
1,95,81,3,8,7,Average
5,64,91,0,4,6,Excellent
4,95,73,3,5,8,Average
2,74,42,0,7,7,Poor
8,70,47,0,5,8,Poor
3,73,70,2,8,3,Average
4,54,50,3,6,6,Average
7,55,84,0,5,7,Excellent
9,98,46,1,5,1,Average
2,92,84,1,9,1,Average
3,97,41,1,4,7,Average
4,93,45,2,8,3,Average
1,96,80,0,5,3,Excellent
7,72,71,2,8,5,Average
2,53,59,3,4,6,Average
5,76,96,3,9,2,Average
1,67,73,0,8,3,Good
3,70,89,1,4,6,Average
2,77,55,0,4,3,Average
1,84,64,0,7,5,Average
7,71,51,0,9,9,Poor
5,89,46,2,9,3,Average
1,72,78,3,8,6,Average
6,52,56,0,6,5,Average
5,89,84,0,7,5,Excellent
3,99,50,0,9,6,Average
7,59,45,2,4,6,Average
9,74,62,2,9,1,Average
9,98,66,2,6,9,Poor
9,57,85,0,5,5,Excellent
2,60,45,1,5,1,Average
3,54,77,1,9,8,Average
7,94,41,1,9,7,Average
5,86,61,3,7,7,Average
2,94,59,0,9,5,Average
3,87,64,1,6,1,Average
6,78,54,1,9,9,Poor
7,54,99,1,8,9,Poor
9,58,88,0,6,8,Excellent
1,97,68,1,7,5,Average
7,51,47,1,8,3,Average
8,50,76,0,8,8,Excellent
3,89,88,3,5,1,Average
4,79,91,2,6,3,Average
6,60,72,1,8,7,Average
7,77,61,2,7,4,Average
4,93,89,3,5,7,Average
8,61,86,3,8,5,Average
5,88,44,1,6,6,Average
1,75,78,0,5,7,Excellent
4,62,57,3,6,7,Average
3,57,77,2,6,7,Average
9,77,93,2,6,7,Average
8,79,92,2,5,7,Average
1,58,76,2,8,3,Average
6,88,69,3,9,3,Average
9,80,90,1,4,7,Average
7,70,70,1,8,2,Average
4,96,49,2,5,2,Average
1,83,54,1,4,3,Average
2,80,81,2,4,4,Average
5,74,98,2,4,6,Average
5,61,87,0,9,8,Excellent
8,50,83,3,7,7,Average
6,71,57,3,5,4,Average
8,89,62,2,9,2,Average
2,86,72,3,9,2,Average
3,96,55,1,7,4,Average
6,50,93,2,4,6,Average
3,50,77,0,7,3,Excellent
6,91,74,1,7,6,Average
6,91,73,0,9,5,Good
2,70,67,0,5,5,Good
7,64,41,3,6,2,Poor
2,66,69,3,7,8,Average
6,71,52,2,7,5,Average
1,87,80,3,4,2,Average
3,84,55,0,4,7,Average
2,94,98,0,9,9,Excellent
7,65,44,1,4,9,Poor
4,57,94,0,8,1,Excellent
8,96,67,2,7,7,Average
6,66,92,2,4,9,Poor
4,66,78,3,5,6,Average
5,75,84,3,8,1,Average
9,62,59,3,9,2,Average
7,66,63,2,6,4,Average
9,87,66,0,7,4,Good
7,66,69,3,7,2,Average
1,97,97,1,5,8,Average
8,63,84,3,6,2,Average
4,94,66,2,6,3,Average
3,55,65,3,9,4,Average
7,84,46,0,9,9,Poor
3,95,81,3,8,1,Average
8,63,86,2,7,8,Average
6,96,92,2,4,5,Average
5,57,98,1,9,7,Average
4,64,77,2,5,8,Average
8,76,44,1,5,5,Average
8,62,62,0,5,8,Average
1,98,67,2,9,8,Average
9,80,73,3,9,9,Poor
5,84,92,0,5,2,Excellent
4,55,54,3,9,3,Average
6,54,71,3,4,1,Average
6,71,65,3,4,4,Average
2,98,87,0,8,5,Excellent
8,72,70,0,7,1,Good
7,74,58,2,4,8,Average
1,83,48,3,8,2,Poor
5,75,68,1,6,1,Average
6,96,93,2,7,2,Average
4,54,97,0,4,5,Excellent
2,75,90,1,6,9,Poor
4,69,78,0,8,9,Excellent
1,55,43,1,4,2,Average
7,55,42,2,4,2,Average
2,99,95,1,9,3,Average
2,67,68,2,6,7,Average
9,53,91,0,4,3,Excellent
5,66,50,1,5,1,Average
2,63,72,3,9,6,Average
9,63,77,3,9,3,Average
9,62,97,0,4,1,Excellent
1,56,50,1,9,4,Average
3,93,66,3,7,1,Average
4,64,72,2,6,1,Average
7,68,60,1,7,2,Average
4,92,78,1,8,8,Average
2,96,70,3,7,2,Average
7,93,77,2,5,2,Average
6,84,85,2,9,8,Average
3,66,41,2,9,6,Average
6,84,66,1,5,4,Average
6,68,75,0,9,3,Excellent
5,69,50,1,7,1,Average
4,85,86,1,8,3,Average
1,84,57,3,4,9,Poor
6,81,98,0,5,5,Excellent
2,97,40,2,7,6,Average
3,93,74,3,7,5,Average
8,89,74,1,7,1,Average
6,73,70,0,4,1,Good
3,66,67,2,6,4,Average
7,56,78,2,9,3,Average
4,92,40,1,9,8,Average
9,99,64,2,8,7,Average
5,50,82,2,6,7,Average
3,84,77,0,9,8,Excellent
2,81,59,3,8,7,Average
2,85,42,0,8,2,Poor
3,62,90,3,7,4,Average
2,55,41,3,5,6,Poor
4,63,57,3,7,3,Average
2,86,83,2,4,3,Average
9,97,49,0,9,6,Poor
2,64,44,2,8,1,Average
9,96,48,1,5,1,Average
6,53,41,0,9,5,Poor
1,89,73,3,8,1,Average
4,65,99,2,8,8,Average
1,77,77,2,7,2,Average
6,65,70,0,5,6,Good
4,53,49,0,5,5,Poor
3,94,89,3,9,4,Average
3,75,51,3,8,1,Average
9,77,75,1,5,3,Average
6,81,93,3,5,4,Average
9,94,60,2,9,2,Average
5,51,88,1,7,2,Average
2,80,86,1,6,2,Average
8,52,45,1,4,1,Average
5,57,87,0,6,2,Excellent
2,73,88,3,5,6,Average
4,64,42,1,8,3,Average
9,92,49,0,4,5,Poor
4,80,44,0,4,1,Poor
4,58,85,1,8,8,Average
2,88,65,1,4,4,Average
6,94,60,2,8,9,Poor
2,51,84,1,4,4,Average
7,57,65,2,9,2,Average
3,56,77,1,9,3,Average
3,93,83,1,6,5,Average
5,88,65,3,4,6,Average
3,91,47,1,7,7,Average
2,65,44,1,8,4,Average
9,84,54,2,4,7,Average
2,79,98,2,9,3,Average
2,59,55,3,9,7,Average
8,87,40,1,8,4,Average
9,67,55,1,7,8,Average
7,99,76,2,4,9,Poor
3,54,42,0,4,7,Poor
9,78,91,0,7,8,Excellent
3,88,86,0,7,8,Excellent
5,83,70,2,7,2,Average
9,92,52,2,9,9,Poor
3,94,95,0,8,6,Excellent
7,72,55,0,7,4,Average
1,54,94,1,8,5,Average
4,79,82,2,6,5,Average
4,55,60,2,4,7,Average
7,95,41,0,4,9,Poor
8,93,93,0,5,7,Excellent
1,53,66,3,6,9,Poor
5,78,77,2,7,4,Average
7,72,65,3,7,4,Average
4,55,97,1,9,6,Average
4,81,98,3,6,8,Average
4,91,77,0,7,9,Excellent
6,67,85,2,5,1,Average
7,64,64,2,8,1,Average
2,89,50,3,4,8,Average
5,81,47,3,6,7,Poor
4,58,47,1,4,9,Poor
3,86,72,1,8,3,Average
7,59,92,0,6,5,Excellent
6,69,46,0,8,3,Poor
7,55,77,0,7,5,Excellent
5,97,60,3,7,1,Average
6,52,47,3,7,4,Poor
5,91,90,2,8,6,Average
7,60,93,0,8,2,Excellent
2,92,60,3,8,7,Average
5,66,95,2,4,8,Average
6,81,59,0,8,1,Average
6,53,47,1,7,4,Average
5,53,97,1,5,4,Average
7,66,85,3,8,5,Average
8,90,70,2,5,4,Average
7,68,89,1,7,9,Poor
5,54,96,2,8,7,Average
1,81,68,2,4,2,Average
5,71,87,1,4,1,Average
2,55,48,2,5,9,Poor
5,84,54,1,9,1,Average
5,71,69,3,4,6,Average
2,50,65,0,4,2,Good
5,69,49,0,4,4,Poor
4,71,68,3,7,6,Average
1,97,93,1,4,5,Average
3,60,55,1,6,6,Average
1,62,75,1,8,3,Average
5,91,59,1,4,5,Average
4,52,84,3,9,2,Average
7,58,93,0,9,7,Excellent
5,61,76,2,4,3,Average
4,72,61,2,4,1,Average
2,63,46,0,6,8,Poor
4,82,62,3,4,8,Average
2,67,80,2,4,3,Average
8,98,79,0,8,7,Excellent
3,90,68,3,9,9,Poor
9,58,55,2,6,8,Average
4,72,77,1,9,3,Average
6,59,67,1,6,2,Average
5,68,87,3,9,7,Average
1,96,77,1,4,7,Average
9,54,70,3,9,9,Poor
1,96,53,0,9,5,Average
8,72,92,0,6,4,Excellent
9,79,72,2,5,8,Average
9,74,96,3,6,4,Average
1,77,48,2,6,4,Average
2,83,96,2,6,2,Average
1,94,66,0,7,1,Good
2,97,63,2,7,4,Average
8,96,52,1,7,7,Average
5,74,65,2,6,9,Poor
7,59,68,3,5,9,Poor
2,63,90,1,6,1,Average
8,91,88,0,4,5,Excellent
6,95,82,3,5,7,Average
8,79,67,1,7,7,Average
1,90,67,3,9,6,Average
1,74,47,1,9,4,Average
7,63,62,3,8,3,Average
8,84,68,3,5,9,Poor
3,97,44,1,7,4,Average
5,83,81,0,5,8,Average
1,59,46,0,5,1,Poor
7,84,81,3,9,7,Average
5,60,75,3,6,6,Average
8,60,80,0,4,1,Excellent
8,70,66,0,8,4,Good
9,70,97,2,7,5,Average
7,71,85,0,5,8,Average
1,94,41,3,8,4,Poor
3,56,64,1,5,3,Average
8,66,48,0,9,2,Poor
3,51,92,2,4,4,Average
8,61,66,2,9,4,Average
1,91,40,2,8,5,Average
5,67,62,1,7,7,Average
4,60,49,0,5,9,Poor
5,65,81,0,4,2,Excellent
8,98,91,0,9,5,Excellent
4,67,64,1,8,9,Poor
4,84,93,1,9,3,Average
3,75,42,3,5,1,Poor
7,65,45,2,5,2,Average
3,55,97,2,7,6,Average
3,93,45,0,4,5,Poor
5,92,92,1,6,1,Average
5,96,41,1,9,1,Average
6,96,97,0,5,4,Excellent
8,97,97,0,8,4,Excellent
6,91,57,3,9,6,Average
1,61,62,2,7,6,Average
8,62,41,2,7,6,Average
8,53,51,2,5,1,Average
9,88,61,3,5,9,Poor
9,51,76,0,5,7,Excellent
2,75,59,0,6,7,Average
2,76,78,2,5,7,Average
3,76,63,2,9,2,Average
1,64,87,3,9,2,Average
4,57,59,1,4,6,Average
4,56,40,1,8,7,Average
9,96,40,2,5,3,Average
9,95,56,3,9,4,Average
9,89,98,2,9,3,Average
7,61,40,1,9,7,Average
2,62,92,2,6,7,Average
5,92,91,1,8,4,Average
4,66,84,1,7,7,Average
8,66,69,1,9,5,Average
2,85,80,0,5,1,Excellent
6,70,86,0,9,4,Excellent
5,57,42,2,8,7,Average
2,54,85,1,7,2,Average
1,75,94,0,6,2,Excellent
8,65,50,2,4,1,Average
2,85,63,2,5,2,Average
7,77,61,2,4,8,Average
9,78,83,2,6,8,Average
9,96,84,2,8,8,Average
8,61,65,3,8,1,Average
9,86,52,1,6,1,Average
2,79,40,2,9,4,Average
6,72,63,3,6,6,Average
4,65,49,1,5,8,Average
4,63,74,0,7,2,Good
5,59,63,2,4,3,Average
3,56,67,3,4,6,Average
1,94,75,0,8,4,Excellent
8,86,55,3,9,2,Average
5,78,79,1,8,7,Average
3,52,55,1,5,4,Average
7,64,98,0,6,8,Excellent
7,85,56,3,4,8,Average
1,96,90,2,5,7,Average
9,95,93,2,8,9,Poor
2,68,54,0,8,4,Average
5,62,55,0,4,7,Average
5,91,54,0,8,1,Average
8,70,96,3,9,4,Average
8,86,73,2,8,2,Average
7,76,50,2,7,9,Poor
7,78,40,2,6,5,Average
6,69,54,0,8,3,Average
6,74,65,2,7,4,Average
9,55,90,1,5,6,Average
6,85,43,0,8,1,Poor
2,51,82,2,9,7,Average
2,71,44,3,5,8,Poor
5,81,74,0,8,7,Good
4,65,52,1,4,7,Average
2,67,49,1,7,9,Poor
3,54,50,3,7,4,Average
7,85,57,3,4,7,Average
8,79,73,0,6,9,Good
6,94,78,0,9,5,Excellent
5,68,80,1,7,2,Average
1,72,81,3,5,5,Average
8,83,89,0,9,4,Excellent
3,62,62,1,7,8,Average
6,92,46,3,6,5,Poor
3,78,98,1,5,9,Poor
7,85,78,2,9,9,Poor
7,71,42,3,5,3,Poor
9,96,51,0,4,6,Average
5,85,46,0,8,6,Poor
8,58,88,2,4,4,Average
8,88,65,3,9,3,Average
1,68,72,1,8,1,Average
5,87,76,0,4,7,Excellent
3,55,87,2,8,5,Average
1,96,54,2,7,7,Average
4,64,41,3,5,1,Poor
8,69,80,3,8,8,Average
3,58,46,0,7,3,Poor
2,81,71,2,6,7,Average
9,53,43,1,4,3,Average
5,99,59,2,6,3,Average
7,67,89,1,9,9,Poor
2,54,92,1,7,2,Average
9,69,75,0,6,4,Excellent
9,72,71,2,6,6,Average
4,60,67,1,7,3,Average
4,86,52,3,5,7,Average
6,71,40,1,8,7,Average
6,53,99,3,9,5,Average
1,78,95,3,9,3,Average
9,93,74,2,4,2,Average
2,83,87,3,8,4,Average
5,62,69,1,4,4,Average
9,91,93,3,9,8,Average
4,58,75,2,8,8,Average
3,91,96,0,6,5,Excellent
7,80,94,1,5,6,Average
6,56,64,1,6,8,Average
8,53,55,2,5,1,Average
3,68,97,2,7,5,Average
5,91,58,2,4,4,Average
4,79,40,2,4,4,Average
4,80,44,1,7,2,Average
4,84,90,0,8,1,Excellent
8,70,61,3,7,6,Average
6,80,63,3,9,7,Average
3,68,82,0,7,5,Excellent
5,80,84,0,5,8,Average
6,81,91,0,9,9,Excellent
5,51,76,2,7,2,Average
6,59,92,1,4,4,Average
8,51,75,1,6,9,Poor
7,51,75,1,5,5,Average
5,73,43,2,5,3,Average
6,66,75,1,8,6,Average
4,81,91,2,6,3,Average
9,65,92,1,5,5,Average
4,65,57,0,7,3,Average
1,95,89,3,5,6,Average
7,88,55,3,5,5,Average
7,80,80,2,5,9,Poor
4,92,57,1,8,3,Average
3,73,61,3,5,6,Average
8,50,41,0,5,8,Poor
5,60,60,0,8,7,Average
7,70,75,0,9,6,Excellent
4,53,83,2,6,2,Average
4,56,78,2,9,7,Average
8,75,86,1,4,8,Average
8,96,78,0,8,1,Excellent
2,99,68,1,8,9,Poor
2,61,93,1,5,4,Average
3,80,65,0,5,8,Average
3,66,60,1,4,7,Average
1,82,56,3,5,7,Average
3,60,55,2,7,2,Average
6,77,99,1,5,1,Average
8,81,70,0,5,4,Good
6,50,90,2,7,2,Average
5,96,48,2,4,8,Average
4,77,70,1,7,7,Average
3,91,53,3,8,8,Average
4,56,88,1,7,6,Average
7,51,76,3,6,1,Average
1,91,41,2,8,9,Poor
7,73,91,1,5,6,Average
1,53,87,0,8,1,Excellent
2,93,85,1,4,1,Average
4,68,53,3,4,8,Average
1,75,98,3,7,6,Average
9,60,72,1,8,8,Average
6,89,74,3,5,8,Average
1,99,97,2,4,8,Average
1,92,78,1,9,7,Average
6,60,97,3,5,7,Average
4,94,86,1,9,4,Average
4,52,90,1,6,9,Poor
6,61,59,0,9,2,Average
7,52,41,1,4,9,Poor
9,91,90,0,7,3,Excellent
5,76,80,3,6,2,Average
9,98,58,0,8,4,Average
4,51,98,0,5,5,Excellent
2,98,76,0,4,2,Excellent
3,65,57,2,6,1,Average
1,51,55,0,6,5,Average
6,79,43,1,4,9,Poor
6,69,51,0,8,5,Average
1,87,68,1,8,9,Poor
3,77,46,0,7,6,Poor
5,74,53,2,9,3,Average
3,81,94,3,8,4,Average
3,59,51,0,7,4,Average
3,91,74,0,9,1,Good
5,89,44,2,6,3,Average
5,82,56,0,4,3,Average
4,62,97,1,8,1,Average
1,90,81,0,7,9,Excellent
5,91,71,0,6,1,Good
5,96,49,3,8,9,Poor
4,86,82,3,5,1,Average
6,65,56,0,6,2,Average
4,94,44,2,8,2,Average
7,71,84,3,6,6,Average
7,69,81,0,4,7,Excellent
2,99,48,3,4,1,Poor
3,92,88,0,4,3,Excellent
1,76,72,3,9,2,Average
8,90,75,3,5,8,Average
9,65,75,1,4,9,Poor
4,83,57,0,5,2,Average
6,81,48,0,4,2,Poor
9,75,96,0,9,9,Excellent
6,74,68,0,6,4,Good
9,51,89,3,8,5,Average
4,61,53,1,8,9,Poor
8,89,64,1,4,6,Average
9,58,54,2,8,9,Poor
4,61,45,0,4,9,Poor
5,75,95,2,4,7,Average
8,58,81,3,7,9,Poor
6,59,68,2,7,5,Average
7,81,54,0,7,5,Average
3,83,68,1,5,8,Average
7,97,43,1,7,4,Average
8,69,57,0,4,9,Poor
6,88,89,3,9,7,Average
9,51,96,0,9,7,Excellent
6,50,88,3,6,3,Average
9,85,83,1,7,4,Average
4,73,78,3,9,7,Average
8,76,55,0,7,5,Average
4,51,50,0,6,3,Average
2,80,53,0,9,1,Average
9,63,42,3,4,7,Poor
5,51,90,3,5,6,Average
4,78,89,3,7,7,Average
2,64,81,1,9,2,Average
1,61,77,2,9,4,Average
7,86,84,2,6,2,Average
6,77,81,0,4,8,Average
2,69,57,1,8,7,Average
8,88,97,3,9,1,Average
4,73,59,0,5,2,Average
8,70,97,1,6,2,Average
7,59,87,0,9,4,Excellent
5,95,64,1,9,3,Average
8,63,96,1,6,1,Average
9,86,77,2,6,2,Average
5,67,52,0,7,9,Poor
5,73,43,3,9,1,Poor
2,63,94,2,8,9,Poor
5,83,53,2,5,7,Average
3,61,72,3,4,2,Average
7,71,67,1,4,2,Average
5,55,91,3,8,5,Average
8,85,76,0,6,5,Excellent
1,94,47,3,6,4,Poor
3,85,83,1,6,3,Average
3,71,73,3,9,4,Average
9,63,83,1,6,4,Average
5,65,44,1,6,2,Average
9,85,93,0,9,5,Excellent
9,74,44,3,9,5,Poor
1,81,70,3,8,5,Average
2,82,84,0,7,1,Excellent
5,94,48,1,9,6,Average
4,85,81,3,5,2,Average
9,69,71,0,6,7,Good
7,67,72,1,7,4,Average
6,87,42,0,4,5,Poor
7,52,69,3,8,5,Average
1,72,89,0,7,5,Excellent
1,81,51,2,9,2,Average
8,94,68,1,6,5,Average
2,65,42,2,6,3,Average
9,54,65,2,6,4,Average
7,53,96,1,7,2,Average
6,70,69,1,6,4,Average
1,89,48,0,9,9,Poor
1,63,65,1,7,8,Average
2,88,41,2,6,3,Average
6,80,42,2,4,1,Average
6,63,85,3,4,1,Average
2,55,43,1,5,6,Average
1,61,64,2,6,3,Average
5,65,90,3,6,4,Average
5,66,52,3,7,1,Average
2,94,78,0,7,8,Excellent
6,72,83,2,6,1,Average
9,63,74,0,5,5,Good
2,56,94,2,6,6,Average
2,95,62,0,9,2,Average
3,81,48,0,7,7,Poor
7,64,41,1,6,7,Average
6,93,93,0,7,1,Excellent
8,66,80,1,6,4,Average
8,90,83,3,8,4,Average
6,96,70,2,7,5,Average
3,93,83,3,5,1,Average
3,83,86,2,8,1,Average
1,54,41,3,9,7,Poor
7,94,71,2,6,9,Poor
5,76,57,0,9,1,Average
4,72,52,2,7,2,Average
4,89,85,2,8,6,Average
4,63,44,3,9,6,Poor
6,64,97,3,5,2,Average
8,92,81,3,7,9,Poor
8,82,83,1,8,4,Average
5,80,49,1,9,7,Average
6,84,95,2,8,6,Average
4,66,82,2,8,3,Average
9,77,64,0,9,8,Average
8,68,73,0,4,7,Good
1,95,76,2,6,9,Poor
2,72,69,1,7,3,Average
9,81,46,2,7,1,Average
8,89,45,0,7,2,Poor
3,62,93,1,8,1,Average
8,69,94,1,9,5,Average
1,84,42,0,6,2,Poor
4,54,52,2,5,3,Average
3,58,42,3,7,8,Poor
6,78,65,2,9,5,Average
7,55,96,2,6,4,Average
4,74,63,0,6,5,Average
7,80,92,1,4,6,Average
9,71,45,0,9,7,Poor
2,51,82,2,7,9,Poor
3,94,99,3,8,1,Average
5,54,97,3,6,4,Average
3,76,88,3,6,9,Poor
8,74,81,0,5,5,Excellent
8,57,51,1,4,8,Average
8,50,88,0,6,1,Excellent
9,69,75,3,6,4,Average
4,93,41,2,8,9,Poor
5,72,50,1,8,1,Average
5,81,78,0,5,1,Excellent
8,60,73,0,9,4,Good
7,88,65,1,5,3,Average
9,96,57,1,5,7,Average
8,73,60,2,8,3,Average
2,60,75,1,9,1,Average
4,78,79,2,8,2,Average
6,75,91,3,4,4,Average
2,65,85,3,7,1,Average
7,84,83,0,7,1,Excellent
3,69,61,3,4,8,Average
3,95,92,3,7,7,Average
2,52,98,2,9,8,Average
8,50,69,0,8,4,Good
6,96,89,1,7,6,Average
1,50,82,0,9,3,Excellent
1,66,99,3,8,8,Average
7,51,69,1,9,4,Average
8,78,47,0,4,3,Poor
5,69,73,0,5,4,Good
5,55,96,0,4,6,Excellent
4,57,86,0,7,7,Excellent
6,78,48,2,8,7,Average
6,97,90,0,9,4,Excellent
3,82,59,3,7,8,Average
9,52,79,3,7,7,Average
7,84,64,2,5,2,Average
1,54,58,1,7,8,Average
7,76,44,1,5,9,Poor
5,93,50,3,8,5,Average
5,61,54,3,8,4,Average
2,69,47,2,9,4,Average
4,94,58,1,5,4,Average
6,69,62,1,4,6,Average
7,58,66,0,8,4,Good
5,88,79,0,9,7,Excellent
9,53,71,0,4,7,Good
3,68,65,2,8,5,Average
1,87,66,3,8,5,Average
4,76,58,2,9,8,Average
9,94,89,1,9,7,Average
4,92,81,3,6,7,Average
2,62,68,0,7,6,Good
5,62,78,2,7,7,Average
3,71,99,2,4,7,Average
9,77,80,0,7,2,Excellent
4,96,72,2,4,2,Average
6,94,58,0,8,7,Average
2,71,76,1,6,7,Average
6,92,58,3,6,7,Average
3,68,72,1,8,5,Average
9,57,86,1,9,1,Average
2,57,55,0,5,2,Average
9,91,62,2,5,9,Poor
5,75,46,1,7,8,Average
8,97,65,1,9,8,Average
2,75,71,1,4,1,Average
6,72,51,2,6,6,Average
3,92,47,2,7,9,Poor
5,62,44,0,8,8,Poor
8,77,81,1,9,3,Average
1,58,67,3,6,4,Average
5,69,92,2,4,3,Average
3,68,44,0,4,6,Poor
4,97,88,1,5,9,Poor
2,88,65,3,7,8,Average
9,61,44,2,8,4,Average
3,64,61,3,6,2,Average
2,80,54,2,4,8,Average
9,63,52,0,6,8,Average
7,60,67,3,8,6,Average
6,75,72,1,6,8,Average
1,91,82,1,7,9,Poor
5,76,62,2,5,1,Average
3,60,72,1,6,9,Poor
1,87,82,3,9,2,Average
4,83,57,0,5,1,Average
2,92,89,2,8,8,Average
2,68,92,3,5,8,Average
3,55,69,2,6,4,Average
8,95,65,0,6,8,Good
8,87,55,2,9,7,Average
7,98,52,1,4,2,Average
6,91,78,1,9,5,Average
9,77,72,2,6,4,Average
4,50,65,0,5,3,Good
1,84,87,0,9,1,Excellent
8,89,40,1,9,5,Average
7,57,88,0,4,8,Average
7,96,77,2,6,9,Poor
3,56,41,3,6,7,Poor
4,60,88,2,8,1,Average
9,88,45,1,4,1,Average
6,53,85,1,8,1,Average
5,74,89,1,8,2,Average
3,61,77,0,8,1,Excellent
9,75,81,2,7,4,Average
5,87,63,3,8,9,Poor
5,95,57,2,9,4,Average
4,61,66,3,5,4,Average
4,92,80,2,9,7,Average
1,86,47,1,9,9,Poor
7,95,67,3,6,7,Average
9,73,49,2,7,1,Average
3,65,56,0,8,1,Average
2,62,94,0,6,4,Excellent
3,74,68,2,4,4,Average
1,53,97,1,4,1,Average
6,60,45,3,6,6,Poor
7,81,53,2,5,2,Average
2,98,61,0,6,5,Average
8,56,93,3,6,8,Average
6,95,45,0,7,3,Poor
4,60,65,0,4,9,Average
5,77,78,2,4,7,Average
8,90,51,0,8,9,Poor
3,72,74,3,9,1,Average
3,94,53,1,6,5,Average
4,72,61,2,6,3,Average
1,99,90,3,5,4,Average
9,77,62,2,4,4,Average
8,92,87,0,5,7,Excellent
8,96,46,0,7,8,Poor
6,75,79,3,8,5,Average
7,74,89,3,5,7,Average
6,78,64,1,4,3,Average
9,68,52,3,7,3,Average
3,82,60,3,6,3,Average
3,85,80,2,7,4,Average
3,63,49,0,9,6,Poor
3,63,92,3,5,5,Average
9,84,94,1,4,8,Average
4,79,98,3,5,5,Average
7,77,48,0,6,5,Poor
9,66,54,3,6,2,Average
7,52,91,2,4,5,Average
9,65,41,0,9,7,Poor
3,95,64,3,8,2,Average
4,79,52,2,7,6,Average
8,78,73,0,7,7,Good
6,94,90,3,6,5,Average
5,64,97,2,5,9,Poor
4,95,73,1,5,4,Average
8,74,74,2,9,1,Average
1,87,77,1,8,8,Average
9,91,42,3,5,8,Poor
1,96,81,2,7,7,Average
8,87,95,1,5,8,Average
4,72,98,0,8,2,Excellent
9,74,45,2,7,3,Average
5,91,94,3,5,9,Poor
3,56,87,0,7,1,Excellent
9,71,88,1,6,8,Average
9,66,58,2,6,8,Average
4,67,42,2,9,7,Average
4,98,57,3,6,5,Average
8,90,78,0,5,4,Excellent
2,59,48,2,8,6,Average
9,59,91,2,7,1,Average
6,56,51,0,4,5,Average
9,97,44,2,6,4,Average
8,99,42,0,6,4,Poor
7,87,50,0,4,7,Average
1,76,96,0,4,9,Average
3,82,69,3,5,8,Average
2,50,43,0,7,8,Poor
5,93,44,0,6,5,Poor
5,83,40,1,8,6,Average
5,53,66,1,5,2,Average
4,66,67,3,5,3,Average
5,53,68,0,8,5,Good
3,92,57,1,8,2,Average
1,75,51,1,9,3,Average
5,53,52,2,8,4,Average
9,50,80,0,4,6,Excellent
9,56,41,1,6,5,Average
4,79,76,3,9,4,Average
3,99,84,2,4,2,Average
1,58,55,2,9,5,Average
2,84,87,0,6,5,Excellent
8,57,63,0,9,7,Average
1,73,74,2,4,1,Average
8,68,61,3,7,4,Average
7,85,75,0,6,5,Excellent
8,99,50,0,5,8,Average
6,92,94,2,6,8,Average
9,76,97,2,6,1,Average
3,81,85,0,6,5,Excellent
4,63,68,1,7,1,Average
6,67,74,0,4,1,Good
8,77,87,1,5,2,Average
5,78,93,2,4,2,Average
3,65,54,1,9,9,Poor
6,84,99,3,9,4,Average
4,96,70,2,9,3,Average
9,80,81,0,4,1,Excellent
3,53,80,0,8,2,Excellent
4,86,82,2,7,6,Average
7,66,55,2,8,9,Poor
7,88,49,3,9,5,Poor
4,97,88,2,7,4,Average
6,95,71,0,4,5,Good
3,75,90,3,9,9,Poor
6,97,41,0,4,7,Poor
2,88,63,1,7,8,Average
8,90,62,2,4,4,Average
2,53,41,1,4,8,Average
7,79,77,0,5,6,Excellent
9,79,70,1,8,5,Average
1,71,90,1,8,7,Average
8,60,79,0,8,6,Excellent
7,51,65,0,6,3,Good
6,93,68,2,5,5,Average
6,61,42,1,9,9,Poor
6,79,97,3,9,7,Average
9,85,53,3,9,4,Average
2,67,64,0,8,7,Average
1,75,87,0,8,5,Excellent
6,56,40,1,5,2,Average
8,50,92,0,4,6,Excellent
3,75,42,3,8,7,Poor
1,72,93,2,9,8,Average
9,75,65,2,4,6,Average
1,94,57,1,8,8,Average
3,55,48,2,7,7,Average
8,55,77,0,6,2,Excellent
3,93,62,0,8,6,Average
4,57,60,0,7,9,Poor
8,73,96,0,5,6,Excellent
1,71,40,1,7,4,Average
6,68,60,2,5,7,Average
1,86,66,3,8,3,Average
1,67,81,2,5,5,Average
8,80,98,0,7,1,Excellent
4,86,45,3,6,3,Poor
1,79,94,1,4,8,Average
7,91,83,0,4,9,Average
5,82,75,0,6,9,Excellent
5,59,67,3,9,2,Average
1,86,84,1,4,4,Average
6,61,56,3,8,5,Average
9,79,98,1,9,3,Average
9,76,79,0,8,1,Excellent
8,88,97,2,7,6,Average
5,58,91,0,7,2,Excellent
1,70,42,2,9,9,Poor
9,61,51,2,9,1,Average
1,78,78,1,9,9,Poor
8,82,51,3,9,7,Average
5,92,41,1,5,2,Average
3,64,95,0,9,6,Excellent
7,51,85,3,9,8,Average
7,88,61,2,7,2,Average
9,93,62,2,8,5,Average
7,67,69,0,7,6,Good
3,52,44,3,4,3,Poor
1,56,48,0,5,2,Poor
8,92,60,0,5,6,Average
3,67,50,1,8,3,Average
8,93,44,0,9,2,Poor
8,87,74,3,7,1,Average
5,86,66,0,4,8,Average
1,82,88,3,7,1,Average
7,93,41,2,9,5,Average
5,80,63,0,9,6,Average
8,60,70,3,6,3,Average
9,53,72,2,7,7,Average
7,67,78,3,8,2,Average
7,53,69,2,7,7,Average
1,98,85,1,5,2,Average
4,83,76,0,4,5,Excellent
2,78,90,0,8,7,Excellent
2,73,67,2,6,3,Average
2,71,99,1,4,4,Average
4,51,70,3,4,1,Average
1,93,50,1,5,3,Average
4,55,62,3,5,9,Poor
2,91,96,3,5,5,Average
5,74,41,0,8,8,Poor
3,70,79,2,7,2,Average
8,65,80,0,4,3,Excellent
4,80,66,0,7,7,Good
1,63,74,0,7,4,Good
1,88,41,3,5,9,Poor
3,77,78,0,7,7,Excellent
9,81,76,3,4,1,Average
7,77,60,2,4,4,Average
2,98,97,3,9,6,Average
9,58,44,3,6,6,Poor
2,94,91,1,8,6,Average
3,71,84,0,7,5,Excellent
2,81,60,0,8,3,Average
3,54,68,0,8,2,Good
6,72,59,0,8,3,Average
9,54,77,1,9,9,Poor
9,91,59,1,8,3,Average
7,81,89,1,9,3,Average
3,59,64,1,4,1,Average
4,88,41,0,7,2,Poor
6,64,96,3,9,3,Average
5,56,71,2,6,2,Average
2,78,65,1,8,8,Average
6,96,45,3,6,6,Poor
3,52,80,1,4,7,Average
8,68,96,0,4,1,Excellent
2,59,42,0,5,6,Poor
1,77,72,3,8,2,Average
9,78,40,3,5,6,Poor
3,64,90,3,6,3,Average
1,84,44,0,7,7,Poor
7,55,52,0,5,3,Average
5,61,58,2,4,9,Poor
5,96,51,3,8,3,Average
1,87,87,2,6,7,Average
9,62,64,1,9,4,Average
7,78,96,2,4,8,Average
8,68,90,1,9,2,Average
9,52,74,1,7,8,Average
6,57,51,2,8,9,Poor
5,57,69,3,7,8,Average
6,69,44,1,7,6,Average
2,96,73,3,8,1,Average
4,53,61,0,8,7,Average
3,70,78,1,9,1,Average
7,52,52,0,7,7,Average
9,94,96,2,6,2,Average
5,57,86,3,9,8,Average
6,72,93,2,8,2,Average
2,65,42,1,4,3,Average
3,62,99,0,9,3,Excellent
3,52,92,1,5,1,Average
9,97,59,2,6,5,Average
7,58,70,3,9,5,Average
8,63,44,3,8,5,Poor
9,62,63,1,8,9,Poor
6,56,79,1,6,6,Average
4,64,93,0,5,6,Excellent
1,56,72,2,9,3,Average
8,87,47,1,9,5,Average
7,83,63,0,7,7,Average
2,90,89,1,4,3,Average
8,71,59,3,8,2,Average
5,73,99,0,9,5,Excellent
7,98,55,0,9,3,Average
4,86,89,1,9,5,Average
5,93,91,2,5,9,Poor
8,50,51,3,4,1,Average
1,59,52,2,9,4,Average
1,92,84,0,6,5,Excellent
4,65,81,2,8,2,Average
3,95,78,0,7,2,Excellent
2,57,64,2,6,1,Average
3,98,85,1,8,8,Average
1,74,71,2,5,2,Average
1,99,63,0,4,3,Average
6,61,87,3,4,2,Average
5,74,86,3,8,4,Average
8,66,83,3,6,1,Average
2,75,48,0,7,3,Poor
4,95,79,2,5,5,Average
8,97,89,3,8,1,Average
6,63,62,3,5,4,Average
1,90,89,3,4,6,Average
4,85,52,1,9,4,Average
1,72,99,0,9,7,Excellent
2,92,98,0,7,7,Excellent
5,55,71,0,5,6,Good
8,96,89,0,8,9,Excellent
8,54,54,0,7,2,Average
3,92,75,1,6,8,Average
4,74,88,2,9,8,Average
6,67,44,1,8,4,Average
3,62,61,3,5,6,Average
2,92,55,1,7,6,Average
6,63,80,0,8,5,Excellent
5,77,49,1,7,1,Average
5,67,63,0,7,3,Average
5,77,57,1,7,7,Average
5,76,88,0,5,8,Average
3,81,57,3,8,2,Average
7,96,46,0,4,3,Poor
6,58,43,1,4,4,Average
4,89,65,3,5,5,Average
2,81,44,1,5,3,Average
9,69,99,3,9,5,Average
1,77,94,2,7,8,Average
4,82,55,2,8,8,Average
1,53,74,2,8,2,Average
6,95,65,1,6,6,Average
4,83,57,1,6,4,Average
5,97,68,3,4,9,Poor
5,52,62,3,6,2,Average
9,75,92,3,6,8,Average
1,57,53,3,4,1,Average
2,55,54,0,9,6,Average
6,65,88,2,4,1,Average
5,73,72,0,6,2,Good
7,97,64,0,8,3,Average
3,88,60,0,6,9,Poor
3,79,56,0,7,5,Average
2,94,62,2,7,2,Average
3,62,96,0,7,5,Excellent
1,54,82,3,9,5,Average
5,74,56,1,5,1,Average
5,69,97,3,7,3,Average
7,67,53,1,8,5,Average
4,96,68,3,9,9,Poor
3,67,59,3,5,1,Average
1,51,69,1,5,8,Average
8,59,58,2,7,1,Average
3,94,92,0,6,9,Excellent
2,99,78,3,4,6,Average
4,96,95,2,6,1,Average
3,61,52,0,6,8,Average
1,96,57,2,5,5,Average
3,62,62,2,5,7,Average
2,99,85,0,9,7,Excellent
8,96,72,3,9,7,Average
6,60,78,2,5,6,Average
9,68,79,3,8,8,Average
8,84,57,3,8,9,Poor
3,88,48,3,4,2,Poor
5,75,72,0,5,7,Good
7,95,71,1,7,2,Average
5,63,93,3,9,6,Average
8,94,56,1,5,2,Average
5,93,58,1,8,6,Average
1,73,66,2,5,2,Average
5,90,45,3,8,1,Poor
4,50,74,3,5,7,Average
6,92,95,3,7,3,Average
3,71,76,1,4,4,Average
5,72,73,0,7,6,Good
2,68,59,1,8,5,Average
6,67,64,3,9,4,Average
6,61,43,3,9,9,Poor
5,77,49,3,6,6,Poor
6,77,49,1,7,6,Average
7,82,63,3,5,2,Average
5,68,60,2,4,6,Average
1,77,50,3,5,7,Average
8,98,66,0,5,8,Average
4,86,55,2,7,8,Average
9,75,65,3,4,9,Poor
6,84,69,2,6,3,Average
1,83,88,3,5,7,Average
3,84,55,0,4,7,Average
3,89,46,3,6,1,Poor
4,65,55,2,5,8,Average
6,87,74,0,4,4,Good
7,62,97,1,7,5,Average
4,72,55,0,9,6,Average
6,71,79,0,9,3,Excellent
1,65,51,0,5,5,Average
8,77,74,2,5,5,Average
7,97,88,0,4,1,Excellent
9,84,60,3,9,3,Average
3,94,89,0,5,3,Excellent
2,95,82,0,6,1,Excellent
1,57,75,3,5,7,Average
3,93,87,3,9,1,Average
5,71,56,1,8,7,Average
2,70,71,0,9,4,Good
3,75,80,2,6,9,Poor
4,89,45,0,4,7,Poor
7,70,63,0,6,5,Average
3,74,66,3,8,7,Average
9,90,59,1,8,9,Poor
8,50,64,0,5,6,Average
4,55,41,2,5,1,Average
1,72,48,0,9,6,Poor
1,72,67,2,7,1,Average
1,92,92,3,6,4,Average
1,92,77,1,9,8,Average
8,72,42,0,7,5,Poor
3,81,59,1,9,5,Average
6,79,45,0,8,8,Poor
3,62,78,2,5,8,Average
5,92,72,1,5,1,Average
7,67,94,0,9,5,Excellent
2,72,40,3,5,5,Poor
6,64,76,2,4,8,Average
6,82,45,1,9,1,Average
3,70,84,0,8,7,Excellent
6,88,73,1,9,7,Average
5,72,86,0,9,9,Excellent
2,76,54,2,5,2,Average
9,94,84,3,8,3,Average
8,93,65,2,9,4,Average
3,67,96,1,5,1,Average
8,73,53,1,6,7,Average
9,96,97,0,8,3,Excellent
3,89,93,2,7,3,Average
3,91,46,0,4,3,Poor
2,56,85,2,7,8,Average
8,99,97,1,8,9,Poor
1,97,70,0,9,2,Good
8,69,63,0,5,1,Average
7,76,98,2,8,9,Poor
7,55,70,3,4,6,Average
3,76,68,2,8,9,Poor
1,58,81,3,5,6,Average
4,94,71,2,7,2,Average
9,80,56,1,6,1,Average
5,70,53,0,7,8,Average
1,75,79,2,5,3,Average
5,89,75,1,5,1,Average
8,97,97,2,4,8,Average
8,94,87,0,8,1,Excellent
5,62,63,2,8,8,Average
9,98,84,3,7,1,Average
1,72,93,0,6,9,Excellent
4,69,66,3,6,9,Poor
3,86,64,1,4,9,Poor
2,77,98,1,5,3,Average
8,66,71,2,4,4,Average
7,77,91,3,8,5,Average
9,90,57,3,9,6,Average
2,51,85,0,9,9,Excellent
4,74,57,3,9,4,Average
6,99,76,3,5,6,Average
3,90,65,0,4,1,Good
8,55,48,0,7,2,Poor
3,60,99,3,8,8,Average
2,87,74,2,9,4,Average
3,55,47,0,6,7,Poor
6,94,59,0,4,4,Average
2,60,93,3,8,9,Poor
8,63,81,3,8,9,Poor
1,51,61,0,6,4,Average
7,89,58,3,6,8,Average
2,52,69,0,6,6,Good
6,84,92,2,9,1,Average
2,82,67,2,9,7,Average
2,73,74,0,4,1,Good
8,68,82,0,6,3,Excellent
2,67,50,1,7,8,Average
7,98,70,1,8,9,Poor
3,73,88,3,6,3,Average
8,94,87,3,8,1,Average
7,84,78,0,5,1,Excellent
8,50,75,0,5,7,Excellent
7,85,69,1,6,5,Average
6,74,62,1,8,1,Average
7,94,58,0,5,6,Average
5,98,51,2,6,6,Average
7,92,54,2,8,4,Average
1,83,70,3,6,7,Average
1,74,82,0,9,7,Excellent
9,65,76,0,8,9,Excellent
5,83,76,3,5,1,Average
5,78,54,1,6,5,Average
3,68,68,1,5,3,Average
5,72,89,2,6,7,Average
3,68,82,0,4,4,Excellent
9,74,65,1,5,4,Average
9,65,83,2,5,1,Average
6,58,41,2,7,1,Average
1,50,59,2,9,2,Average
7,91,54,1,5,2,Average
7,68,91,1,8,1,Average
4,82,43,0,6,8,Poor
8,83,61,0,4,6,Average
6,65,89,2,8,6,Average
4,93,77,2,8,9,Poor
4,89,62,1,8,5,Average
2,67,98,1,8,4,Average
2,83,65,0,4,6,Good
4,74,90,0,7,8,Excellent
5,94,50,3,9,1,Average
8,55,67,0,5,7,Good
6,70,95,1,8,8,Average
4,55,41,2,5,9,Poor
7,81,98,3,5,8,Average
8,90,47,0,8,7,Poor
2,97,68,0,7,3,Good
7,92,50,1,5,2,Average
2,88,76,3,6,3,Average
2,80,57,0,5,4,Average
8,91,94,2,9,4,Average
2,59,89,1,8,6,Average
9,79,53,3,4,7,Average
1,67,93,0,5,4,Excellent
9,73,49,0,7,6,Poor
1,58,74,3,6,9,Poor
2,80,48,1,6,6,Average
6,64,74,3,4,3,Average
6,53,50,3,9,1,Average
1,89,83,1,4,5,Average
7,58,51,0,9,3,Average
8,94,42,2,5,8,Average
2,58,92,1,8,1,Average
8,75,78,2,7,2,Average
9,53,53,0,6,3,Average
6,66,95,3,4,3,Average
5,65,67,2,7,8,Average
9,64,50,0,9,5,Average
9,84,78,0,8,8,Excellent
1,54,64,3,6,6,Average
3,54,60,3,6,2,Average
9,69,49,0,9,4,Poor
2,64,82,0,8,9,Excellent
4,67,54,2,6,4,Average
4,96,58,0,8,5,Average
2,51,87,0,6,5,Excellent
3,78,61,2,5,8,Average
3,62,60,1,9,6,Average
1,53,99,2,8,7,Average
6,91,91,2,7,6,Average
